-- phpMyAdmin SQL Dump
-- version 5.1.1
-- https://www.phpmyadmin.net/
--
-- Host: 127.0.0.1
-- Generation Time: May 26, 2022 at 06:42 PM
-- Server version: 10.4.21-MariaDB
-- PHP Version: 7.3.31

SET SQL_MODE = "NO_AUTO_VALUE_ON_ZERO";
START TRANSACTION;
SET time_zone = "+00:00";


/*!40101 SET @OLD_CHARACTER_SET_CLIENT=@@CHARACTER_SET_CLIENT */;
/*!40101 SET @OLD_CHARACTER_SET_RESULTS=@@CHARACTER_SET_RESULTS */;
/*!40101 SET @OLD_COLLATION_CONNECTION=@@COLLATION_CONNECTION */;
/*!40101 SET NAMES utf8mb4 */;

--
-- Database: `misdb`
--

DELIMITER $$
--
-- Procedures
--
DROP PROCEDURE IF EXISTS `GetStudentAttendance`$$
CREATE DEFINER=`root`@`localhost` PROCEDURE `GetStudentAttendance` (`iBatchStudentID` INT, `iFromDate` DATE, `iToDate` DATE)  BEGIN
Declare iBatchID int;
drop table if exists AttendanceTakenDays;
drop table if exists Absent;
drop table if exists Present;
drop table if exists Weekends;
drop table if exists ListDates;
drop table if exists RealAttendance;
drop table if exists NA;

set iBatchID = (select BatchID from BatchStudent where BatchStudentID = iBatchStudentID);

Create temporary table Absent
Select Date from Attendance where BatchStudentID =  iBatchStudentID and (Date between iFromDate and iToDate );

Create temporary table AttendanceTakenDays
select Date from AttendanceTaken
where (Date between iFromDate and iToDate) and BatchID=iBatchID;

call sp_GetHolidays (iFromDate, iToDate);
 
Create temporary table Present
select Date  from AttendanceTakenDays where Date not in (select Date from Absent);

Create temporary table ListDates (AllDates date);
While iFromDate<=iToDate
do

    Insert into ListDates select iFromDate as AllDates;
    set iFromDate= DATE_ADD(iFromDate, interval 1 day);
    End While;

Create temporary table NA
Select *, 'NA' as Attendance  from ListDates
where AllDates not in
(select Date from Present
union
select Date from Absent
union
select Date from Weekends);


Create temporary table RealAttendance (Date Date, Attendance varchar(2));
Insert into RealAttendance
select * from (Select *, 'P' Attendance from Present
union
select *, 'A' Attendance from Absent
union
select * from Weekends
union
select * from NA)A;


select * from RealAttendance order by Date;

END$$

DROP PROCEDURE IF EXISTS `sp_GetBatchAttendance`$$
CREATE DEFINER=`root`@`localhost` PROCEDURE `sp_GetBatchAttendance` (IN `iYear` VARCHAR(4), IN `iClass` VARCHAR(10), IN `iSection` VARCHAR(1), IN `iFromDate` DATE, IN `iToDate` DATE)  BEGIN
declare iBatchID int;
declare Dates Text default '';
Declare NoOfDates int;
Declare i int default 1;
Declare uniqueDate Date;
set iBatchID = (Select BatchID from Batch where Class = iClass and Year = iYear and Section = iSection);
drop table if exists Absent;
    drop table if exists NA;
drop table if exists Present;
drop table if exists Weekends;
drop table if exists WeekendAttendance;
drop table if exists ListDates;
drop table if exists TotalAttendance;
drop table if exists TotalAttendanceWithDetails;    
drop table if exists FinalResult;
drop table if exists DatesTable;

if iBatchID is not null then
Create Temporary Table  Absent
select
A.BatchStudentID, A.Date
from Attendance A
where A.BatchStudentID in
(select BatchStudentID from BatchStudent where  BatchID=iBatchID)
and A.Date in (select Date from AttendanceTaken
where Date between iFromDate and iToDate);

Create temporary table Present
select t1.* from (select BatchStudentID,T.*
from BatchStudent BS cross join
(select Date from AttendanceTaken
where BatchID=iBatchID and (Date between iFromDate and iToDate)) T
where BS.BatchId = iBatchID)t1
 left join
 (select * from Absent) B on t1.BatchStudentId = B.BatchStudentID and t1.Date = B.Date where b.date is null and b.batchStudentID is null;

call sp_GetHolidays (iFromDate, iToDate);

Create temporary table WeekendAttendance
select BS.BatchStudentID,W.Date,W.Attendance from BatchStudent BS Cross join Weekends W  where BatchId = iBatchID;

Create temporary table ListDates (AllDates date);
While iFromDate<=iToDate
do

    Insert into ListDates select iFromDate as AllDates;
    set iFromDate= DATE_ADD(iFromDate, interval 1 day);
    End While;
   
Create Temporary table NA

Select B.BatchStudentID ,A.AllDates as Date, 'NA' as Attendance from ListDates A Cross Join (select BatchStudentID from BatchStudent where BatchID = iBatchID) B  where AllDates not in
(select Date from Present
union
select Date from Absent
union
select Date from WeekendAttendance);

Create temporary table TotalAttendance
select *  from
(
Select *, 'A' as Attendance from Absent
union
Select *,'P' as Attendance from Present
union
select * from WeekendAttendance
union
select * from NA
)A
order by A.Date;


Create temporary table FinalResult
select T.*,BS.UserID,concat(BS.RollNo,'. ',U.FirstName,' ',U.LastName)  as Student from TotalAttendance T left join batchstudent BS on T.BatchStudentID =BS.BatchStudentID
left join Users U on U.UserID = BS.UserID order by Date, Student;

Create temporary table DatesTable(Date Date, RowNo int);
Insert into DatesTable
select *, ROW_NUMBER() OVER(ORDER BY Date ASC) AS RowNo  from (Select distinct Date from FinalResult)A;
set NoOfDates= (Select Count(*) from DatesTable);
While (i<=NoOfDates)
do
set uniqueDate = (select Date from DatesTable where RowNo = i);
set Dates = Concat(Dates, ', MAX(CASE WHEN Date = "',uniqueDate,'" THEN Attendance END) "',uniqueDate,'"');

set i=i+1;
end while;
set @dsql =Concat('SELECT Student ',Dates,'FROM FinalResult GROUP BY Student ORDER BY Student ASC');

PREPARE stmt FROM @dsql;
EXECUTE stmt;
DEALLOCATE PREPARE stmt;
end if;

END$$

DROP PROCEDURE IF EXISTS `sp_GetHolidays`$$
CREATE DEFINER=`root`@`localhost` PROCEDURE `sp_GetHolidays` (IN `iFromDate` DATE, IN `iToDate` DATE)  BEGIN

DECLARE TotalCount int ;  
Declare Rowcount int;
Declare Roo int default 1 ;
Declare BDate Date;
Declare EDate Date;

Drop table if exists Calendar;
Drop table if exists AllHolidays;
Drop table if exists Holidays;

CREATE TEMPORARY TABLE Calendar
(Weekends Date PRIMARY KEY,
    IsWeekend Bit);
   
CREATE TEMPORARY TABLE AllHolidays
(HoliDays Date);
   
Create TEMPORARY TABLE Holidays  
SELECT FromDate,ToDate ,ROW_NUMBER() OVER(ORDER BY HolidayID ASC) AS RowNo FROM Holiday
WHERE  (FromDate between iFromDate and iToDate) OR (ToDate between iFromDate and iToDate);



set Rowcount = (select Max(RowNo) from Holidays);
While Roo <=Rowcount do
set BDate = (select FromDate from Holidays where RowNo = Roo);
set EDate =(select ToDate from Holidays where RowNo = Roo);

While BDate <= EDate do

if BDate between iFromDate and iToDate then
Insert into AllHolidays values (BDate );
    End IF;
Set BDate = Date_Add(BDate, INTERVAL 1 DAY);
   
End While;

set Roo= Roo+1;
End While;

While iFromDate <= iToDate
Do

Insert Into Calendar
  Select
    iFromDate As Weekends  
 
   ,(Case When Weekday(iFromDate) =
(Select
Case When
Lower(WeekEndDay) ='sunday' then 6
when Lower(WeekEndDay) ='monday' then 0
when Lower(WeekEndDay) ='tuesday' then 1
when Lower(WeekEndDay) ='wednesday' then 2
when Lower(WeekEndDay) ='thursday' then 3
when Lower(WeekEndDay) ='friday' then 4
when Lower(WeekEndDay) ='saturday' then 5
End as WeekDays
from Weekend) Then 1 Else 0 End ) As IsWeekend ;
  Set iFromDate = Date_Add(iFromDate,  INTERVAL 1 DAY);
End while;
Insert into AllHolidays
Select Weekends From Calendar Where IsWeekend = 1 ;
Drop table if exists Weekends;
Create temporary table Weekends
select Distinct HoliDays as Date, 'H' as Attendance from AllHolidays order by HoliDays;

END$$

DELIMITER ;

-- --------------------------------------------------------

--
-- Table structure for table `attendance`
--

DROP TABLE IF EXISTS `attendance`;
CREATE TABLE `attendance` (
  `AttendanceID` int(11) NOT NULL,
  `BatchStudentID` int(11) NOT NULL,
  `Date` date DEFAULT NULL
) ENGINE=InnoDB DEFAULT CHARSET=utf8mb4;

--
-- Dumping data for table `attendance`
--

INSERT INTO `attendance` (`AttendanceID`, `BatchStudentID`, `Date`) VALUES
(1, 4, '2022-05-22'),
(2, 2, '2022-04-05'),
(3, 1, '2022-04-05'),
(4, 2, '2022-04-06'),
(5, 3, '2022-04-06'),
(6, 4, '2022-05-23'),
(8, 7, '2022-05-25'),
(9, 4, '0000-00-00');

-- --------------------------------------------------------

--
-- Table structure for table `attendancetaken`
--

DROP TABLE IF EXISTS `attendancetaken`;
CREATE TABLE `attendancetaken` (
  `AttendanceTakenID` int(11) NOT NULL,
  `BatchID` int(11) DEFAULT NULL,
  `Date` date DEFAULT NULL
) ENGINE=InnoDB DEFAULT CHARSET=utf8mb4;

--
-- Dumping data for table `attendancetaken`
--

INSERT INTO `attendancetaken` (`AttendanceTakenID`, `BatchID`, `Date`) VALUES
(1, 8, '2022-05-22'),
(2, 8, '2022-04-05'),
(3, 8, '2022-04-06'),
(4, 9, '2022-04-05'),
(1002, 9, '2022-04-06'),
(1003, 8, '2022-05-23'),
(1005, 8, '2022-05-25'),
(1006, 8, '0000-00-00');

-- --------------------------------------------------------

--
-- Table structure for table `batch`
--

DROP TABLE IF EXISTS `batch`;
CREATE TABLE `batch` (
  `BatchID` int(11) NOT NULL,
  `Class` varchar(10) DEFAULT NULL,
  `Section` varchar(10) NOT NULL,
  `Year` int(11) DEFAULT NULL
) ENGINE=InnoDB DEFAULT CHARSET=utf8mb4;

--
-- Dumping data for table `batch`
--

INSERT INTO `batch` (`BatchID`, `Class`, `Section`, `Year`) VALUES
(14, 'Class1', 'A', 2022),
(15, 'Class1', 'B', 2022),
(4, 'Class10', 'A', 2022),
(5, 'Class10', 'B', 2022),
(6, 'Class10', 'C', 2022),
(7, 'Class10', 'D', 2022),
(8, 'Class10', 'E', 2022),
(9, 'Class10', 'F', 2022),
(10, 'Class10', 'G', 2022);

-- --------------------------------------------------------

--
-- Table structure for table `batchstudent`
--

DROP TABLE IF EXISTS `batchstudent`;
CREATE TABLE `batchstudent` (
  `BatchStudentID` int(11) NOT NULL,
  `BatchID` int(11) DEFAULT NULL,
  `UserID` int(11) DEFAULT NULL,
  `RollNo` int(11) DEFAULT NULL
) ENGINE=InnoDB DEFAULT CHARSET=utf8mb4;

--
-- Dumping data for table `batchstudent`
--

INSERT INTO `batchstudent` (`BatchStudentID`, `BatchID`, `UserID`, `RollNo`) VALUES
(1, 8, 2, 1),
(2, 8, 5, 2),
(3, 9, 8, 1),
(4, 8, 9, 3),
(6, 14, 19, 1),
(7, 8, 20, 3);

-- --------------------------------------------------------

--
-- Table structure for table `class`
--

DROP TABLE IF EXISTS `class`;
CREATE TABLE `class` (
  `Class` varchar(10) NOT NULL
) ENGINE=InnoDB DEFAULT CHARSET=utf8mb4;

--
-- Dumping data for table `class`
--

INSERT INTO `class` (`Class`) VALUES
('Class1'),
('Class10'),
('Class2'),
('Class3'),
('Class4'),
('Class5'),
('Class6'),
('Class7'),
('Class8'),
('Class9');

-- --------------------------------------------------------

--
-- Table structure for table `holiday`
--

DROP TABLE IF EXISTS `holiday`;
CREATE TABLE `holiday` (
  `HolidayID` int(11) NOT NULL,
  `FromDate` date DEFAULT NULL,
  `ToDate` date DEFAULT NULL,
  `Description` varchar(50) DEFAULT NULL
) ENGINE=InnoDB DEFAULT CHARSET=utf8mb4;

--
-- Dumping data for table `holiday`
--

INSERT INTO `holiday` (`HolidayID`, `FromDate`, `ToDate`, `Description`) VALUES
(1, '2022-04-01', '2022-04-01', 'Chat Parwa'),
(2, '2022-03-01', '2022-03-07', NULL),
(3, '2022-04-03', '2022-04-04', NULL);

-- --------------------------------------------------------

--
-- Table structure for table `section`
--

DROP TABLE IF EXISTS `section`;
CREATE TABLE `section` (
  `Section` varchar(10) NOT NULL
) ENGINE=InnoDB DEFAULT CHARSET=utf8mb4;

--
-- Dumping data for table `section`
--

INSERT INTO `section` (`Section`) VALUES
('A'),
('B'),
('C'),
('D'),
('E'),
('F'),
('G'),
('H'),
('I'),
('J'),
('K'),
('L');

-- --------------------------------------------------------

--
-- Table structure for table `users`
--

DROP TABLE IF EXISTS `users`;
CREATE TABLE `users` (
  `UserID` int(11) NOT NULL,
  `FirstName` varchar(50) DEFAULT NULL,
  `LastName` varchar(50) DEFAULT NULL,
  `Address` varchar(50) DEFAULT NULL,
  `Phone` varchar(50) DEFAULT NULL,
  `UserType` tinyint(1) DEFAULT NULL,
  `Username` varchar(50) DEFAULT NULL,
  `Password` varchar(50) DEFAULT NULL,
  `Email` varchar(50) DEFAULT NULL,
  `ProfPic` longblob DEFAULT NULL
) ENGINE=InnoDB DEFAULT CHARSET=utf8mb4;

--
-- Dumping data for table `users`
--

INSERT INTO `users` (`UserID`, `FirstName`, `LastName`, `Address`, `Phone`, `UserType`, `Username`, `Password`, `Email`, `ProfPic`) VALUES
(1, 'Amar', 'Joshi', 'ptn', '9860020955', 0, 'amar', '24', 'amarjoshi24@gmail.com', NULL),
(2, 'Bipana', 'Basnet', 'ptn', '9840744096', 1, 'bipana', 'basnet', 'bipanabasnet1232@gmailcom', NULL);
INSERT INTO `users` (`UserID`, `FirstName`, `LastName`, `Address`, `Phone`, `UserType`, `Username`, `Password`, `Email`, `ProfPic`) VALUES
(5, 'Dipesh', 'Thapa', 'ptn', '9867866043', 1, 'dipesh', 'dipesh', 'dipesh.thapajung@gmail.com', 0xc3a2504e470d0a1a0a0000000d49484452000000c3870000005a2020000000746ec3a9c3b8000000207352474200c386c59220c3880000002067414d410000c2b1c3a820c2b861200000000970485973000020e2889a000020e2889a20c2ab6fc2ae640000c3a32049444154785e74cb9d65542079cb9a2dc3a4c38aefac8131c393cea9cb9ac3bacb9d20e289a03b4a20c393c393c393c393c39320c2a1212024484858c3aae280a1c393c393c3932042c3aee2888fc2aa77e2809cc388c2a5c2aacb9ac38139c393c2b855e2809cc394cb87e280ba67c3bcc39bc2b720554b59c2b4c3bbcb984cc2a955556cc3b62bc3aac2b77cc394384e34cb9cc2b764593d7a53c3a4214bc380c69248c59220c399c2abc382c2b02be2809e0020cea9cea920c38dc2b7c3875077572ee280ba20c388c38cc385683f6fc69220cb99212e2400c39221c3a658c38cc3984443680a72752d5062c393c3a026cb876874e288866763c38be280a0204dc3abc388c2ae7620416be280b06e7425c38a6238e289a520207932c383c380c38d31c3af5fc3a9c2a9cea932c3832020e2889ac38fc2a10a4cc38cc3acc2b7e2809ac2bf71e280b95cc3a6c3a96be2889a7dc2bb49cb86c384c2b0c3a926c3834d20606e6c004b2043c3bfc3b220e2889ae28184c38f6d715de280b9e28882c2b530c385e289a0e280a229c38fe289a0c395e280a1646b09273b20c391783ac2a3e28891c3a620c3a3c2a33234374743762c205de289a0c38858c38b2dc2bf68590ac386c386c399e280a1c39ac3b4205c58c394e2889ac2b5c3a745c2a82ec395c2b0c2b4c2aa20c389e2889a63c38bc38d2046737b3f20c3b34ee280a1c38fc2a9255cc3a67820202f5ce2889ac399c3991ae288ab7b67e28093efac82c593c381cb864cc2a3e289a57b20cb9d2033c38bc38ec3bc404bc38e0064e289a43a203824e2809e52e2809851e280983756c2b0c2b6c2b1205dcea9322c2fc3a863c3b9c3943532efac8120596d20c3a956c380e28093e2809d2943c3af2c20cb9dc2ab7cc392c38147c2b56838c2ba203be28891c394c384c3a4c2ac4e20c38ac38cc2a1cb99c2ac3ce28886c3b56ae2889e38e2809cc39c53c380c3ac20c393c2a84723efac82c2aac4b1c3b220c3b9754731e2809ce280bac385c2b1efac815ec3a5cb9ccb8661e284a26f2033c38923c3b22020e28988c38fc3bf20c38ae2888627e28093e280ba54c3a10a59095ae284a2c380e28094e282ac52c3a3e2889acb9a33c2b0c39fc38620633d4de2888fc5b8c3b5e2889ae282acc5b81a3e2ee28882c3bf54c3bc5dc383c39c34c2b752c2ab343664c38cc2ae4fc383c2ab20c3b8c383e28886e2809420c2a8c3806a30c3ac5ac3a4c2a8c38440c692207823c3b7c59320e28094c3a65ec3a0c392cb9c425cc38420e2809ac389c2b82020e280b0c3800dc393c387297ee28094c2b1627ecb98e280a1687420c3ab617d6420e2978a2f5de2889ac382e289a52071c388e2809820c39c09c3a0c3a25220c386c3bb3cc3a1c3ac3d63383330c3a753e280ba20e2888fc6920dc2aaefac8134c3a0e289a5cea9e2809de2888f34c3a6c3a573e280b9c2bfe2978a20c592e2809ac2a1c396c2abc2b84cc3b9c3aa20cb98435f4b0d56267ae2889e32e28099c3a1e280a228c2b1cb9bcb86e28882c2b5cf80212061c2bb7523092036c38a6249e2889e5820c2ac48570d7bcb9c6460c2a547c39cc385c3a4342c4e57e280a0c398c39f207dc3b959206849e28988545b2020c3a16558c3b420c692c2acc38320c38a6626313939c385c5b8c5b8694cc5934ce280a0c398c3982053e289a543e2888f71e2809e20c592c3bc3ec3a3c3ace2809d20c3b26cc38ee2889a604b20203ac39ce28094c3b7c3bfc3a8c2b0efac81096cc3ba3ac389e28988c5923ec38320c2b4c2ab686d2de288ab3ac2b450e282acc6926d51592059552120c39cc3b63130c3bfc391e28094c392764c4e20c39b762020c3acc2b0c38f400ae284a2c38e76c2a3c2b8c3a020465bcb9d71c392782920c395c2b5e280a0c2b0e284a24420c3afe280a1c393c3a7c2b4e2888f75c3823a56272671626620c39bcb9dc395c38bc3aec3afc2b055762020353274202b43c3892c206de289a452c39920587dc2b5e28099c3b2c38bc38dc692c2acc2bb20204620e2809422c2bfc3b2c3b8205dc2abc3a961c2aec38620c3a36320c3bf202020e28988c3b9e282ac20e280a1c2b7c384c391705fc38fc3a9094262c3913f3675c39fc3b3e280a1e28184c39a45c3a5e2978a74c2b75cc382205665c3b97830791a77c2ab4f60c3a520e282acc3b9c3adc3a8c389c2b72048c3a20ac2acc393c3a06024c396cb98233532206951c2a1482020204c4078c2a3e2889151c39c20c3a82063796620e2809e6ce280a1cf80e28099755c397720e2978a20c39c3b37c39462c2b0c2a220c2a3cf804770c2bae284a2c3b9c2bfc2b4615563c3a6c2a80ae289a5c3a12a305328e2889ac38f2020c2b6cb9cc3ac20c3a4c3a8c39acb86515cc38b5be2889ac395c2b7597ec38838c3b2c38d6bc2acc592e280b90036c2b6e288abe2889e36e28094c385c3afc2b1e28882c2a5c2a536c382e288abc3b42e2ce2888f3433c3b7256bc38b2024e2809ac3a637cb9c5bc3b5c38bc2acc593c380c39620352047c3a32031efac817d206d6dc5b8686de280b9c395c2a92123c3a7c3ae63e289a443c39c20366a61e2889e2053c38cc382c3b26fc2b767c2ae38c3a5c2b1c2ac34c3837534c2b7c399c3b4655ccf807420572fefac82e28886e2809cc38f1acb99e282ace2888630c3b737c3a2297ee28882c5b8c392392c4cc592720ac2ab31e28094e2809cc3a9416ec2afc3a9e2809a2036c38e30c39cc3a92030efac815ac3a776c387e2889ec2aac3a8c39439efac82c3a8e2809dc39f57313535c384c2a1c38a4a74c3ad0dcb99c2aac3a8c3ad0de289a421c3803441e28891c3832020cb863ac3bfe28882752bc2a535c3aecb98c3b420e2809ee2809acf8053c2a8e289a5e2888f7dc38c1ac393e280bae2888fc39c202020e2888f72c39a242ec3b958e2889ac5b8e2898879c3bac3bac3b9c692c39a483fc592c383c593e2809ac399c2b82056e2888647c2af5d2030e280bae2809dc396e280a6c59236c3a5e28882346279c2ae2067c381c2b631e2978ae2978ae2889acb9c2cc389c3bbe2888220c399c2a554c3ab20c388c3a3cea969c2b1c2bbc5934ac2acc3bbc2a53820213220c38e7bc3a0c2a7c3bf222c2055e2809a66c3942a4ec3b3c2b561cb9d402046c3acc38070c387202ee282acc3b9c385c3aec3b26064204d20c2b1614867c3a2e280a2e2888fc3b9c3b920c385e280bac3ab2068e289a0c3acc2b7e280a6e280a23bc38be280a1e28098c593c39920efa3bfc389c386c2b778e282ac202648c3ac3d31cb9ae2809320c3b6c3a3c3a6e280a05c20e2888620c69274413946e2809dc3bfc2afc2ba0ac3a5672020c396555c2fc2ab78c2b620537be2888f2079efac82e2809cc3ab36c3bac2b41ac2ac706d20c383c3a73420203dc3bfc3b6c3884b250021c3b1565c5ac3b268c3b82d2020c2b7c39552c3ae78c383c39ce280a120c3a5213b7c20e289a03520c3aac3af79736320c2a3c3b82320e2809dc395e280a258c2a8c3b3712036c2b7c692c3b22067c2b66b7161c386206739c2b5c39bc395c2b8207c6cc2aee288910a57c398efac82e28988e28988c380e2978ae2889ee2889e7e1ae280bae2809ec3ac68c39320423765e280a0e289a06d20c3b92064e2888273c381c2b144cb86c3b5e289a06be2888644733320c39f202020536bc38c2120e289a0c2bb43c5934020c39c465a2536c3b2c3bb20c2a1efa3bf7020e288ab1ac3a9e2809ac3bfc2b0747ec3b144e280b0cb98c3b2c2a3c592c39520c3afc3bb20e2889ee2809951c385c3a4e289a420e28098c3aee280b0c5b83075c3bf51c38a5cc3b9c38ce28093e2818452c3a8c4b1c2b5252cc592515ae2888fc2ba74cb9b342ec3ba3e4ec3b15ae28988e28099206771c39b0a65c38e20c2a171622067562070c3b1757a65c39c60c3944420cb9ac3adc3b5c3b1207d200dc2b8c39bc394cb8720cf806d5bc2b7c394c2b7c3a0e289a4c38969c3aa20e28184205909c2b47020365524c38262c2b1c2ae0ac38e47c38d3048e289a0c3a6e280bae2889ec384cb985420c3b70a2a71c3a7c39520e2809e7de289a4c3ae6c4420782039c3832029c2b7c38720c387c3aa2020c3872c2021c3a34048c3a70d41e280a2c38f206e2f2ec2a336301ac382c3abe2809863205fc3994525636c772066cb86e280b06331c3b8204b45e28988205b2059c39fc391e289a473c3a055c3a5c3ace289a4c389385d71002035c396e2888fe2809350c391204d20e2888fc3b77300e28891474bc392e2809a6420c5922fc2bbe280a1c3886420777b6e203b20385a20c3ac202020c3992809e288ab20205870c39ac395c2bb20c2b6c39c5a3033e2809ac38ce288914c214a574bc3ab00e280a0542dc2b5c2a25cc38ac3a3325900e284a2c380633054c3b820e280bac396c3abc3bfc3b269c2a1e28988e2809dc39909c39fe2888670c382c2b82ac38ac38166e280943734c3a2514ecb99c39ae2809c2c20c38c34c3865ec2aac389e2809e6b67e28094e2809433c3a2efac81c2b73920c3a72f626472095373c38020c3b5c3b663e289a5c3a150c5b85cc389e2809c2a20c3a9e28098c3ae41c3b72a43757720c3b6c2aa646823234cc593cb9cc2b7c38fc3963358e280a1cb9a350dc3b7e280a0c2a2c38c20e288abe281842b50793420e289a45c20542058c2a2c3a6c69220c2b7c3a6cb99502320c39934c3afc2b0e280a24a402820c3abe28886e28891c39a3bc2aec2bfc3aec3a5676ac2a70d5b6b20c2af79c2aa222a3c0069c2a971c3bf47c3882b3ae2888fc3bc3e40c39ce28886e288ab1ac3a66f207ae280a66432592072532320e280b0c3820065cb986d50c3ad20c3a6434e20c3b34c76000d642c51c2a26f47292dc3b5c3830d20c3aa20c3b5c3a020343d37c39c57c39268c3993cc3956220c38dc3a44a31e2888fc2aa2033cf8032e28098c2a7c38c41c3b2c3a82042cea9202020c38bc385c391602f20c2ac2069e2809420c2bb490ac2a3c2b0c3a340e280a6efac8120e280b939792020efac8128e2889ae28988c39244e280b95e20c2a1e289a5c3a743787e4ec39ccb9c2ec2bbefa3bfc39a522020c3bc29c2a1c380c38032c2bae288ab22e2889ac38ec3b5327c70e2809e30efac81c2aa54c391c3b357c3a4c392cb99e28886207c70cea92020e280ba2be2888620c39420e2809ec39b6745c2afc38d7931efac81c2aa2143564a006242e280b92020c38bc3a5503f20c391c2af3820c2bbe282ac20c2a1efac81cb86c2b8c2a276e280983b20c2afcf805bc2a1e2978ae2809920efac812e20efa3bf72362778c383e280a1c3886c2067207dc2a76724605048404b29c592c39877e2809de280a120c2b0cea93dc3af462d20cea90dc399204d45c3b220c393e28988c3bfefa3bf2026e28886e288863049c2a325347de2809ee2809c20e280b9e2888f7920c3814fc3b9e289882952c392c399e28093202647c2b631e280b93fe2889a0d4e36387dc3bbc3a5e289a4c391c382c2b6562cc2b5c2b5607ce2888f0dc38c7d20c2ae6ac381efa3bfe28098e280b0c3ac39c38d3132c3b7c396e28094c3a22ec3832f4f7339c3a0e28886c3bb5a3622c3ac204bc384e28184e2809ec3b2c38320e2809955c38a6869c2a5445ac2a2212074e28099616ce280a020435d2020c3aa2120755561e280a0e289a0207dc3b1e2888fe289a0c39fc2a32020e289a05de28093c3b7c3adc3a1e28882c38a4ec386e289a5c2a5c38261c2aec3982033202d585be2809c3759c2b12cc4b1c2bbc3a0cb99c3ad4f2020c380c3aac3a5e280a0c2a9e284a2c3a0c2a5c3ae38c399c2a5e28099c3adc2b168e280a009e280b94a20452d41c2a5e280a6404b20200ac3a4e2889ec3b735462765e280a1cb9de289a520c2b132702077c3a1c3b770cea97b1a67652068c2a7cb9a4fc3a4efa3bfc39cc3b8c2b42d326320c3aa20e2809e4f36202420c387c2b1c3b3c2aee282acc3b3412028c395c2ac4336c2b8c2b4c381c382c2afefa3bf4123c3a6cb9b70202036c3a4c392c2b8c39a20c2bac3a6e28988e288864b55c3854f20c3b7e2809ee28099c3b93a7c74c3b80ac3986fc380efa3bfc2b72020c3b54f50e280b9e289a0c2bfc38e7bcea9c2afe280b061203e7be2809cc3a84f2075c39ac3a646c38d5c2ccb86e280a2cb9a2121e2809cc3ac60e280a12420cf802022c2bf20617ec3a920c4b1c2b527206c09c39ccb87c38600206bc2af2020cb9b6ec3b1cb875e46c39c7852c39f2bc2a9c38e32c2a5e28098c381e2889e0961c2aec2a9c3a0c2ab602065c2aec3b3c39a44c381c3a638e28098c3a0e28099c2b166c3b63e7ac3a1c3b1c2a3387b662020c592c3bcc2bfc3afc2b4cb9cc3bfefa3bfc2b4c38bc3885ec2bfe28093c2bf22c2b6e28886c3a863766a0dc2b42bc39fe2889ee289a4e2889ec3a4c3afe280a620c38377e2889160e289a4c39a20c39c2bc39bc2af5ec38258206c44c394003736c5b86062c2b620202037e2889ec2bae288abc3a5e28094c2b76ac399e28882c3b320c38455c2aec3b165e280a021e282ac206d59c38ac3b2c3aacf806040c38ac38444202d68c2a9c2b1c2a93a4a2c650920467ae284a230c3b757c389c2b1c2b02a4cc3a5e28099c2bb7cc38d6ce2888fc39c54c38a2c20204dc2a9c383c3a779c3bcc3ab3a59430d267cc386c2b1205fc2b4c593e2978a20c39a3e434dc3b220684820c3ac71cb99cb9a3b1a29c3822068c2b0c2b7c2a82220c38d2020c2bac3834d614b56e280935153c3a1e284a2c3870ae2809432c387c3a8207dc3a2c39f4b37e2889ec3b738c3a9cb86e280b9e2889a684bc5b8c389c383c3bf606e582064c2ab2021373120cf8009c2b7c2bb4d2067c3ac62c3aac3b520c385c2b7cb865a7ccb86c3990a3e2075203f7ecb87357ec2afc3935b5c5920c2ab58c3955e3cc3a632c3a1e2978ac5932ec2b7c389c381c3b3c392efa3bf2020c3ba2020e28886e28099e2898851c2ba7c742020c2ba7720c593c3943259e28093c38f5c5d5ae28988c3a3c3a177c392cb99cb9d4778cb98c2af20c386c3834d41e28882c2abc3a33ec69220c392205ec3a00a764164e280a020c2accb9dcb8720c387e2889a2056203bc2b820c391404f2009202055c3aac3b30dc2b83de289a05177c2a820e2809ecb9d55c2a7e28093406ec3a560c3a520c3aac38ce281844ac2b1e2809cc2bf24737620c381c3a8e28891c2b7e2809ccb99002ec2a8206171c2a220c3a32b20e2888f79c38e204e6fe280b9e28886c2bbe2809829e28098344dc2b0c2b1752020e280ba2b6868c3bac2a1e28184cb9920c3ba3ac3a6c385e28988c39c5e2cc2b520617c68207dc3992020cb9dc3a5c3a564c3b2cb86c3a66a204b3fc39c273a312bc3bf607220c38920c4b1c2aec3b3c382c39ac39473c3b54520c2a3e280b94f206d41c39cc38bc3993240c3b3c3a8200ac2bac399e280a0c2a32920203d25c3b2c38b2a73c3b609c39ccb8700c3872941201acb9bc2b6cb985a4c505ac3ae3fc38ce2889145c39b6ccb9bc2b6cb9bcb9ac3a6cb877ec3a9c396c2b12065c2a120c3950de28099c38b6ac386462020c2b0c3abe280a6e280a2c39c206822336c4ae280a1c3ae473b5923e280b9c2a10a20c3a561c592c2b6c38ac3b2c3aec2b5e2809320c399632dc2aa0ac3803475c39b2032c38f4b0a47e280a0c3b333e289a4e2809a43c2b1c3a1c38ecf80c2a83dc2aa23c3abc3bc20c3a8c2b8c3a57846e280a0223cc2aacb9800efac827ecb9d0dc3a6cb87cb9b3b7ccb87e280bac5937870c4b10ae280ba7020c386c3bc2065c3894fc2b7c5b8e280ba20e280b93e3bc391c2b4c2ab20c392e280b0e2809a203e787820c398202de2809ec382c3b969e280b95c20c2accb9d20c3a3787e7309c39820c3bbc2bfc2b4c2abc38e7872790a35c3a17ce2889e37c5b820c2b161c3bbc3a0207179202057c3a220c2accb9d29572043c2aec3942050c3a00ac392202c41c5b8e280a06420cb9ac3bf524ac38f68c3a9c383507dc2a520c38e2b3dc3bac38d7dc38b202fc2acc2bb5029e288867b72312c4bc2accf80cb9846c3ba3bc5b8c3a23320c393e28988c3a7e2809d583b710acb9dc3aec385c2b731cb99c396c2b165e2809875c3a9c2a3cf80632020e2809e63c38bc38ec38be280a020204647c2ab20e288ab7bc38ae28094e280b932c2ace2888636c2a254762020c4b12d38e28184e28093c389c386c2a176c2a531294cc59220e2809ac38ae280bac3a13843e28891efac823936c3a92375e28099686d3ec39cc3b6e284a220c2a76453e280985559c3abc3b468206520282f31c396c2a8c3bf20c386e288826a30e2809352c384202540c384c2a1c39140303550c3afc2b6e280bac38720e2889e20c3a77de282ac5c6b736de2888664c3b1e280a2206ce289a068e280a0e289a0c39960475920654b69c2afc2b4c6926d4bcb99263f205720c4b177c2b0c2aac3966068e284a244e2809e31c387c38525c2bac2acc2b644676b24e2889e2009c3a024373b4438c3b223c395e280a6c396c39249c39c6b32c2a27d2025cb992057e2809ac2bbefac814c4ec3b520e2809ce2809ec387c2b1272520cf80c2a87dc2a9c2b128c2bb4c40c2b7c3bb2020c3944bc2abc2b4cb9c5fc2b7c5933fcb87c6926fc3b8cb9d2a2d3fcb98efa3bf7d342049e28988c396e280a2207cc2afe2809a26c38e20205d38c3a9c2b5c3854ee280b958c3b5c2abc3802757c3923e59e280b0e28094e28099203835e28098c391c39be2809d4378c394cb9b5532c2ac2dc2ba7c2020cea93ec3a82e5924c3a432c3b9204769c3a40973c3ace280b0213a5848c391c38e5b76704278c384c3ac20c3a537e280a170205bc3bf4b202060c3a8c2bb2047efac816f4b43c3afc3a2c386c3b123c3a5782038c380e280a66fc38e2f417d63205dcb9b7ec39935c3944720e2809d61c3834d4e617e7a20c39b53c3acc3b22020e288864c7720466bc3a8c3ade2809920cb872823c394e280bac3b5c2ab605d2053c3ae3b64cb9a20e280945920c3a1c592c3b72020e289a0202620c3ba59c38538c383c593e282ac44c3a8e28093e280a6c692e280943150c389c388c38229e289a4c2ac381ae288abcb9a70e280a0c2af20c3a4c39be2889a202057c399e280985ac2b0e289a0c5b80a20c38c76c38bc39376600ac2b1414fc3a135e28891c2a920c39955e280a60a3a0a30e2809953c39c20c388e280bae280b9500dc3b120203468c3ad35616bc592c388e28882e28093c387cea9c3af20c38fe289a075c2b760c2b420203b7d38e2818420c2bfe280a6c592c3aa4bc3b1e289a020206cc3a5e280a16867c383cb9ac3a5616dc2b0c389e280b0e280b068c3834cc3a5e280a0c398e289a0c3a960c2ae4133236c2bc2b4e289a0c39a2836e280a2cf805a23e2889ae2889a20c5b8efac81c3a9c2bbc4b17546c3a9c3bc2020e280b9c2a8c3ab20c38dc38972c2b6c396c392c3ae32c3bac3ac0d306620e280b0c3913923c3a740c3bfc3bc204d6f20c3a73cc38ac593c387c38f24c3aec38f4f43692037745320c3bbefac825fc2a1c2ab2fc386e2809ac2b4c3a86fc2b7cb9bc2b553206cc2aec2bfcea9c39b2078cb87c2b73a5e3d3ac2a1c3a25fc692e28988e280a236e280b9efac82c3b2e2898820c3a8c592c2b7c389c39fc39fc392c39ac2a171e280b95cc38ec692c2b5e2809ecb9d78c394cb8639c2ba7a7ac3bb20721a4fc38620c2ab64e2889a20c3ae64c3bf2129e28886c3a8c39ae280a1c385e2888f7077c692c39ce288ab2326c3bfc3b9c38470c3ac3c4354e2889ec39bc3b82b22c3aac3a7205b51412020c3a920e2809ac2acc3bac3abc3bb20c3a02a46c2a90a20412620e280a263c3a846205720c3b726e28184c2b1c2b13cc39ce2809d203dc3bf58c38fc2a1e28988c3823ec3ba20c386c2ab46c394315c64c39b4fe28099c3aee280a134e280bacb87c5b8e280a6262c2020c3b23cc3bae28094e28184c38bc39cc3924120c383c3a5796276c3bf204bc2a3cb9b383920c39133e289a5c2a1383d20c384cb9821202cc3a82060c2a2efac82c3a84eefac81c3b40d20467b4b221ac2b4cb9ce280a0c2b12a2020c3a74ec3b2c38c73c2a150c2a93dc39c332c31c3b665c396c3857d56c38b2b7524c2bf3ce280a166e284a2002f4b55c3bfc3b5c2aec2bfc3875a6f41e280bae28891327953c38ac39c4c20cb994a30e2978a57c39ce280a2c3ab2ac2a879c3bcc3a7cf802020c2a8c2a5c2b74c3038c5b8c38ee2889ae28988c2a120c3864ee28886707630c387c3a3c2a309e280b9c3bac383092043202a29c2bfc2acc38324c39ce288abc3b6e28093e2809d5a4bc2a34c40e2809855c2b0c2b6e2889120c3b5cb863009e280b051732020cf8061c3bcc3b820625d6ce280a169690a5fe28886c3ae58472069c3b8c2bf6cc2b73120e282ace2889157325d20c3926138402028e280a0202fc2bb4e2420c3b2c3a1c3b4472b68422a2020c398c3bbc388c692672f5fc2b7e28988c3acc2aa38737c20c2b423c3b9e2888fcea936c3a7c381cb9cc592e2809ac388e280ba33c3aec39c79206f2bc2abe280a6c3a61ae280b9c2aa30c3a347e28891c3b171c394c39a20c59272e2809e20c381245dc3b6e289a0e2889ac3b9c39b3de2888f7bc2b12057c38a6b70e28882773f3ac3a8c39c2131e2818420c3a2515e6fc2bf40c3b82020c393c3a2c2af3020492ec2a243c39674c3aa2de2888fc3a520724254e280a0c38954e28094c2a1c3a97cc3bb202023e280ba68365de2809340c3bce28093514f47c59320292b20c2ac2023c38dc2a931464befac8177cb9c2032c3865d20e2889ac4b1c39b73e2888f73cb98204ec398c3bce28988e2809c204929224e2fc3bbc2acc3bfe280b9594c2076e2809a207222c393c3bb4b6754c592e28988c2b5e280a620e280b93dc3abc3963b672071cb9d78202ec592472030e28094c38be284a277e280b0cb9cc3a0e2889acb9d2069c3b2c2aec39be2898874c2a3204e0d20e28094203ac2a3cb87c2ae20c38ac3b5c2ac706a3820c3b9c396c3b768c39534466bc2ba21c38dcea9c2b5e28094c3b468c38543492ee2889ee2809de280ba20202055e2888fc3b4c2a9c2bf524f4120c387c396c2b1e284a2c6922021c3a636c2bb4e0941715e202020c69271cb9ac2abe280a1406e2076c2ab7922c3bfe2978a0ae28094e280b92e31644f5f4ac2a33f65e2809cc2abe2809d0ac3932e6620c3a020c3a956e2809320c593c3adc2b07ae281842971c395c2ae202a46516f20e2809c46c3bae2889e29c3b34ce2889ec3b3e28094702fc5b820e28886c5b8204ee28886c39cefa3bfe289a43045c2a720c382c387e280a048243b202025c4b1c38264c3ab66cea9280dc2b038480020c2bb49e28886c2b07ce28886e280a0e289a420c2aec2a2e2888634e2809dc384c2a5c2b5372020c38cc2afcb9dc3812078c4b1e280b00a4ec3a8c38ac2b7e282ac20c381c3922053c2ac4b46e2888620c3a5c3a9c593c5927379c388206f2061c2ba2ce28886c3ace2809d20787ac2b650c3a4c3abc3bce280b967c3a460e288abc2afe280a12021c2bac3a6c3b1c3a1c3a8c394c38ac2b7c2ab2064c3bf582a2620c2bac3ab20e2809ec395c2b620004c2dc3ab59c5b820c3a909c381c2a5c3b820c38560c3a4c38b204ac389c3a80d22cb9dc38c204559c3a023502020c387c3ae20201a4754e2809c200de28093c6922d4de28098606ac385c38a71c387c3ae3f7920e289a55d20717ac2b62067e2978acb99e2889e71c38a2036c5925ec692cb99c2a94b583a7e20c2b4272f606ecb98242626c38171627e2020efac81c2b4c692e28988efac815ce280984727c2b7c3b22020c2b62020205fe280b9c3a7e2809d7d3138e28094c3bcc3a4c396c38d642057c3a161c2b021202be280bac2a9204238466a20c3872a207420c4b1423365c2b0e289a5e28184c3b9c38ae28184204dc39520686ce288824675c3b925c3a955c3a07c6fc391c3b4c2b7301a6437c391c2aa20c2bfe2809d4220c3b720c3a4e2809ce280b020c3882a50c3a97dc38b6b6458c3b66cc38a67c3b9c692c2a9c382612c4c76616ec2a2c3a826cb8720c3a77b2032c3b2e280b0c3adc3b2c38bc2acc3893d204476cb9c74c2b5c3adc2b8c391cea9c3a7203a3be28184297dc3a5e28886cb9d6dc3aac4b1c39f20c2b5c2ab202943763834204020c2afe288ab60c398c3b8205269207de289a0c383092033c2af5ac3b6c2a1e2889ae2809820c385c3a976efa3bf20287ce289a0c3a5c2b127e2809820c2a9215e48c3a309c3ab24c2b7404e204a20e289a4c2afc2b7c3a35043c3b96969e289a0c2abc383c38f2020e2889a20c2afe2809ee288916fefa3bfc2abc394c3b8e280a1e2978a20c3b8c2ace289a0c39b53347dc2a3c2afc2b7e2809dc2b4c2afcb9be2809dc39b5cc3bbc2abc2b4c2aa23e28098e280b9306c4c20c2a1272f2ee2809ec3b54fc39863c3a43920c2ba3920c593c398c2a5e280a1e2889ac39fe2978ac392c2b7c39b0d5c59c388e2809ee28886e280a2c5b8e280b9c3aa21353e0029c2b1c3a620c38920c3adc2a37c20202020c3b3c3bf20c3914720223ee280980dc2b134c3ab692931c2aec3b63ec389e280b9c3bb4b483a28434c20c3b868c3a520e2809c207cc3aa20c394c396c3ad20c2a92020c2a8e28886e280a2c3af4ec3ba3b3dc391c3bbc2b042c399cb9c20607ac2a70a33cb9de28099c2a7c38e7a2ce2809d202c4fc3a96269c2ae20c2ab3bc3b5e2889e4c33352fc380c2abc2a26c3fc592e289a4094fc386cb9ce28093cb98cb9ac2a2e289a4c3bf202d3220c3a5c2b5cb9860652ac3a00dc39ac2ac48c3b32046c2aa3d31c3b7c382c3a9c3ab6e57c399c2b53a60c2a7c3a1e28094e2889ee2889a20cb9dc3b92020c38bc2a5c3817dc399200dc3b774c38c26686e34475fc3b323e288ab20c38c6922c38c5153634e264ac2bfc3bcefac8274c2b0c3acc388c2acc3b3c39ae280a1624a29e2809355c391c3b5c3b920c39b7e3ae288866942e289883ec3abc2b0c5920ac3834e2061c385203e3ee280b945c2a3cf8020c2a96176efa3bfc2b62c78e288ab58e2809324c38d434f5b20e281841ac3a4e2809352efac82e28988e2888fc2a9c3a8e280a6c3a2094cc3a9c3a8e280a0c2b4e289a520255d71c2bb207745c3882253e28098c3b63f36c382c2afe2888f21e2809dc38020c392c386cb86202020c3ba4dc3a561c2a7e280a20d204555e2888fe282ac3bc2bfc593c592c3b620e2809c0a39efac81c5922822200ac2a22024c2a3c3b2c3b520c389c3897b76c2a3c2a8783fc3a9c3afe2809d7d367220c2b6c39fefa3bfc3802fc3b84bc4b1c39b2fc3b8e2809ac3b3efac82cb9bc2a7c386cb8661c3a5c39cc38ec3accb9cc3bcc2b7e2809dc3a8c3bbe2809ac2a3c3b3c3a8706d711ae289a06520c38bc3b325e2809ec2a1c3af353cc2ba3ec395c3a229c2bf485d34c3bb5e6ae280a26720e28886c39a206ec3bc5fc2acc5b8c3a242e280b9cea954c39cc2a8e280bac2a1c2a73f20c38f262052c2a27cc3ab4079efa3bfc3a2c3a2c3965b5420c2acc2b820e280a6207ec3a57820c3b23c7e20e289a4e288ab206420c3aa21e28098e280ba20c386566438674b20c3a06849e284a22020c3bcc2bfc3af4b27e28093e28094c3b6c3a3e28184c38d20c3b6424ae2889a40206e2c4ce2809ae288865946c3bf2043e2888f7d66203756c39f48c394c2a358c38cc2a8c2a16c6b2520c39cc2aa09c3ad6934c39233e2978a20c2a3e28882cb9c7b637cc383202b20cb9bc3b220c39ac692e281844c20c3b7c381cb9d7176392067c3b1207062e28886c3b34bc3862f20e280a1e2809a6a38c3b767cb9d717a3a202020e28882c3994dc592c3ae283bc2a5c380c38f30c3b66ec3a7e280a65820c2a8c39373c2ab68c3b62d460a5defa3bfc4b1e2809e20c2a8c3a854e2889ac5934620cb86cb99c39ae2809357c3b343e280a0c3b5095ac3a8c38cc2a337c2a9c2bf203d4b77c3802174e28891c3b131e28882c3b7c2b0cea9c386c3b240c3a0c692c3bb7847e2888fc3bfc38b312168434f4b09c38d34c3b96a203bc5b8c38020707571c2ac20c39255c2b6e280a220c2a5c2a5e28099c2a3743c207bc381cea9205bc3a7c384c38f5430366578e288ab20e280bae2889a20c3922ee28882703331c391e280a2c3862ec383757461e280a26700672323c387e2889a20c2b0c3b7204823500a203d5020e280b0c3a2c389e28094cb9bc2bb2020c3adc2b1c2b1e2888f20c3b5c2a850c39ce28184cb996320c38134c3a2c2a5efa3bfc2ab202c2ee28988cb99cb9820c39b68c3af20c2bfe289a033e2809d34c3abc3b3c2a77ac394e281843a46c2b4c3ad202dcb9d717d75c39ce28886efa3bf2cc3ace28988e280a020c3a5c593c3bc4fe280a1c39b572fc392c38227c593efa3bfefa3bfe2888625c3a535c38fe28988cb9dc3a325c2bbc593c3a7c2bfc393c2af407a203f44c39c7a2036c2ac20e2809429e280a6c3a0e281845fc3a4c692e280b9cb9d2862202ec3ae552034381ae2888220cb86c3ba2043c38b6ac38e405559c38fc38655c39cc3b6c3ad20cb9bcb9b20cb9b203fc2b4205f7ccb991a3d7d4720c2b4c3a96242c3aa6175c2af20c3b109c6927b20c38171cb9ac38d3cc393e280ba38c3a8c3a1e28891c39463797920e2809d202058397520c2b467c393606ec3823ac386e289a0cb86e280a1c2a1cf8054c383e2978ac39c62e2888f38206be2809920207620c393c392c3a6e282acc38e7b71c381443e2e4dc393e28988c4b1c3965c5c20c593c2acc3afc2a95c5c2020c2a1465f20e280a222c3a9efac82c5b82020c3aec3a4c3ab63c2b0c38b6befa3bf24206cc2a7c38d3be2809ac384c3bb3c20742071c2a137c398e288abefa3bfefa3bf5c3f2069c2b8c38335e28882424f6d2042e280b9c388252acb9c2020326ac2ba2023642051c2a3e2809a20e289a0c3a26a20c38e00c5b8e28184c3855152c2a7206332c38720c5b84009c3a4c39ae282acc2b16bc2ab2044c391c396e280a1e28098c3883320c38fc39443205931e280a2c2ab20c3a2c38c4e28c3b6cb86c2abc3abc396206cc3a476c2a545e284a2c2aa20e2809ce280bac38c206963204f6320e2888f20c38de2889ac2abc383202164c3a0706b7324c3bf5b61c3a8e2889120c39a2921207e6e3820e280a121c385212b21205962c39f52663c20c38fe280bac395c3a75cc3a433674ee2809ac3802f20e2809ec389c381c2abc392c38bcb86202039e28094c380c2a87ec3ba5377c394c38d713ccea9770a57c3b3c39cc2b1efac817720c39f47cb86e2809ae28988e289a02e7ccb9972c3877230c3a04fc3bbc2a5c2b7c2aac3a83bc392c3954720c2afcb86c3ac4e7ccb9cc38828cb9bc2af6e0a5f20e28098c3842cc38dc3bcc3a8c3a83bc2ac2242c3b2c5b865c38b205fc2acc692c2ac20c383e289a459e2889ac3acc2b468c394c3b4c692c2b1e281843664e280b0c38a23242220c3b736cb86e28093e28094e2809ce2809a342861e2978ac3b12de28093c3aec3b34776663ec3b14e5cc692c2a9e280a26ec3bac39f205ccf8038c389c3a269c3b6c2b769206152c39c20e2809e64c3a1c3b44ec3ba3a7120c2abc3b34f6361c2b738c2b6276731363cc39ce28882c3b1566920cb9bc38d74205e5c3dc3a5c3867dc2a1684d49c2ab4cc388415cc3b5e280a6c2abe289a0e2809d59e2888f38c3b5c3a87353cb9858c38cc395c2ac7c4f3cc38a3ac2a331c3b720c39c20c3b6e28988c3935a2f74e28098e288abc2a3c2b5c592c3afc382c391c38a3a473437c3bfc2b0c2b0e280a620554d20c2ae69e28891415dc3a30d25c2acc396e2889a52c389c38e7332c391385b404fc38820c38b6bc2bb23e280b9c38020203520313174c3ae3253c39cc2b17e20c38420c3834f366269c2b62075e289a4201a652b58c3b6c38ec2ace2809c4cc38fc3b252c39ce284a2e2809c4ec38827c381e289a0c394cb9b20c5b8c39978c39fc59320207d7dc3aac3a7c38c47200d626420cb9d20592c7bc38320c3b55cc5b8c2af283b2b4ec2ba203209c39c54672bc692e282acc3b423c592c59220295cc59374e289a545362936c2abe2809d20cb9ac3bfc3a07c202fe280b0cb9879326120204920c3bfc3bc20c3a17d20c2b1c2bb2320c39ae289a520e2888fc2b120c2b7e282acc3982fe280a1e2978ac394cb99efa3bfc38d4120c3a6cb9be2889e20c3b820efac82c3a12f5e20e280a1c38e20c2b6efa3bfe2889a67c39b6cefa3bf20cb9dc2ac28cb9bc2b8611a20cb9b3ae28886c38220cb9bc2b871407ac395e28891c3bcc2b5e2809ecb9a2fc3b6efa3bfe2889ac3b3c3a7c2afc2b7c2b45ec2b8c399c39530efac81205cc396e2888fc3b240c391c39146c2a2c399e2889e20c2ab4fefac82c2bfe2809e57efac82e280a1efac81e2809dc3a8c2b17ecb862046c2ab20e28094e2809ce28098c3a2e28886e2818420c38d6e20c3b65a7a50e280bac3bfc396e28886c3b75e34512eefac81202452c385e289a520c393e280a1efac81e2809ec3a8c2b171712027c3b3e282acc38b69c3b6515fc3b8c3a1c3a8254156c2a520e2898859c2a9c2bb4ac3a5c2b0c398c3a0662009c387c3bcc2aa20c2a9c3b72036c2b6e2809a6020233a777d20c2bb4ec2abc38f60201ae284a2c3ba31e280b9c388c3a3cf80c3ab402cc3a9204bc3807946e28886e28988713f2cc3a57b5172e280b93137c38ac2a1e280a227c38a787b6ac6922033e2809ec3a5c3b6637ec3b2c38be280a2596c71407d20c39562c3960de288ab2820cea947285bc4b1c3bbc3b269cb9ce28988c382c2b56c3c5cc3b321c3b1265e61c380efac82c2a7c3b94b61c39346c38bc2ae2ec69220c385304469202020c384c2abc38ec2b138e280ba4a566bc384c38f4822c387cea9c383606ce280a0096d75254ac387e280b92046c3bfc2b520c394c3a6cb9a776920c2a8c2a82047204f20c385c3aac3a320c2b84ccb9a66e280bae2889e67e2809c0d20c3b9c3b7c3bfe280b0696ac391203b4bc2a7c2aa3920e282ace2809d20cf8020762c5be280b0e2888fe282ac22c3b3e28891335c6dc3abc38320206963c396205bc3ab24c3bac3aac2b7c388c3855c205fe280b0c2abc39149cb9a20c3a4c39ae2809d505ac3aec3a7e289a443e280b9c2ae47cb86e2809ec2af4a2f6eefac825dc2accb9873e289a0c3bfc3bf68e2889ac382c38043e2888f746520c3812fc3a5e280a1c383c5b8217ccb99c5b8433c7d7ac3bbc2b13320cb98393ec2bb6464c3a420e2809e7b473a30c39664606ae289a4202dc4b1e28988c2ae29efac82c3802fc3aac385c2acc2ba382020cb98202d7320c3a9e280993463cb86c2af20c393c3b8c2af20cb9cefac81cb9a20c3b3c394c3a6c692c3a7cb9ac394e2809ec3b7c3b9cb9c70cb87e2888633e280b9e288ab7a2020c381c3866275690dc2b4c39b4be28098c38c45e288abc38e25c3ba5e5de2809ec2a7c3bcc2accf80c3a72b7cc393635ccf8076202bc380c2abe280945cefac82c3a4c399e280b0344420c39620c3a4202020c692c692c2b7c3a8203f20c2b6205fc391cb9a31c3a4c3923bc2aa70586c68c2a7e28988514f73cea909c3a5e28886c2b0e2888f792e204fc398c38ae280a1e28094e280a24ce280b958c3a8e28988cea9c39be280a652c3aec2bae288822045c39cc3a0c2abe280ba3329e2888f79c3a432e2809cc381c3a1c2b5e2809448c3b6efac824cc2a8c4b14761c3a5c3ab72cf803bc3ba463320e289a534c3bb2b205d71e289a4e28093206b7b09c3aa78332c5420e280a1c2a1692032c3b4c387e280b0e28882c2b820e28886e288ab20c3a0c39934464bcb983ec388cb9cc3abcb9bc3b7e2889a34c2a36fc2bf30357c20205c20c3a463c38bc388c399c2b04c3fe280a0c38622474650c3913ac2a1e280a028c3b80dc39a3be28891c2b0c2b4c2aa20c39b20c3a320c38d2045e280996429c39a57e280bac3aa346bc3a27de2809d5e283f51c3914dc3a24ec3ae20e289a441e28882c39f20c39a20e280b9c38b20e280b970c3911a2c63202d20714371c38420c3a4205dc3aa4be289a5c38b6966207869204f7373e288864b20c2a7797be2809341e2809d552fc383606e6e0a73c39be2809d52c395c592c395e280a1c692c3880dc3bac3b87220672e5ce2889ae280a673c3a5636736e2889e7ecb992c4ec3ba3ac3a1e2978ac3bc7cc3a8e282ac77c3bb605f4e3632e2809d33c3abc3bbc3b6c385c3b2c2ae3836cb9d206e5dc3b4e28988e2809ecb9ac39f313d267e4a2d416dc3af2047cb98370a0acb86216b6f20e28184c3a1c3b3707ce2809e206e3fcb9820207ccb98206eefac8220e2888646c39860cf80c3b820e2809dc4b132c3a531e28988c3a5c2bbc39a305cc3b1c389cb9be2809a54742048467b5e225acb86e28988c2b0262b202059c392385ae2888f205dc3a7c4b158595cc2bfcb99c39245c3a5c3997649c2a520c2af60314a2020c2b024c3980045cb9ac38b3b58207372203dc389c3b4c2b7c3a739692ae2889e3034c2bfe280bac3a71a3c3dc3abc389cb9823c3b4c3b23d7420c39f2a4befa3bfc38f422120c3b9e280a6c3ac1a786bc38a30c3932dc3afc2b7c38a74216e2f20c2acc3afc3a23c5cc3b53ac3a04b20cb9858204cc2abe280a1312020372063c2ae21c3aac3b6c38cc59248c38ec39cc3a97620c2a5e2809938c2a2416645c38ccb9ce289887c20e280ba7c7ac2ae44c38c5a20e282ace280a166c386c3a4435920c3a5c3bccf80c38be284a22bc692607b20e2809d4320cb99e2818420c2a352c3b1c3a4c2a7502b2068e280a641437d20c3990dc382616ac2a84ac38427c2bfc592e2809c2072e282ac366361c392387be289a5c391efac81c39341544dc3afc2b7c2bb7426466f74e280a1c38de2889ac39be2888f7ac3882036657b385120280934c389e280a220cb9bc3aa25c39cc2a32a2d1a35c2aae2889a21c2a320c3aa45e280944c44cb9923c5b8e289882020c2b626e2889e56e2978ac387c3b9c3863ec2ba4c4d206b6fc389e28882c2a3c3afe2888fcb9ae280a109c3865ec3b8c3892b576f49c3806b37c39349c380c3b5e2889120c3ad2020e2809ec393cb9dc39f7cc59253e280b97befa3bf20cb9c203ec2ab675fcb9bc38420e2889120e28093c2a1c5937032c394e280a1c39ae28099c3b5e2888fe2888609cea97ec38c26c38e1a2e5fc2bac3a02bc3b3c398e280a1c2b8e28886455c382009c3b32e5d665dc2a1c3824b5771cb99c39939c2ba78c4b139efac8120cb9d0dc3a9c593c38363512045e28098e2809dc384c39bc39920c381e288ab2b70e289a4c3b45aefac8240cb98c2ae3cc3a539e28886c3a6096ee2888fe28094e2889a592038c3b2c387c3b1c38350c2bb225c70c2bfe280ba20c3884ec2b6c3bf2020c387c38ac3b64a2cc5934d6272e280a020c2a3cea9c3b938717c4de28184c3a8e2889e41e280a1c3bb593fc3a7c2b5e280a265c3834d4d61c3b66963746000e2889a7de2889a787e670d575772305020c389c3b4cb9954c3bac38b4be2889ae28886622236206271762e20c39f6762c3b42022716a3620c2b42041c3ae20c2b1c3b3e2809420cea96dcb86c38b68e28882432765c2b0c2aac5b8205d4dcb86c38bc2b061c38ec38ec39b4077c3b327c39fc3b7206d20c592c38bc38ec39260c3a472425d7e2cc3b4e2809cc3a1e289a420c3a763c3aee280b9c2b64a46c2abc5923ac383c3a5765220cb99c38b20e288ab6920c3b5e28093e280947820c2b5c3a5cf8020c383c2b5c2b5c3af6868c2a8c3b1c2a760716e20c4b1e2809935283b7c20202f5ee2889ac2ac3cc385c3b87e20576e5ce28988c5b85367206bcb9a29c3a2e28988c3a5e2809e21c3bfc3aec38ac38a204f4323c3915a5942c3b120c3a7c39ac3ae28c3ae452062c398c3b83b52e280b9c3b9c3aac38fc2b7c387687b3b78c38dc38bc2a14b5d20c3931a2c3d7d2058c3b622e280b9e2888620e280a27b7250535bc389c38de284a22a545757c2a2e289a4c39a28e284a2e284a22a59c2ab70c38f582035e2888f207575c2b56868c2aec3817a203f680dc3bbcea9c2af204fc3bbcea9c3a8c3bf506fc2afcf80c5b8c2bfc2abe28988c38ac39541c3aec59236efa3bfcb9c20c3b8283a21c383e2978a2051c385c3bbc3a00dc392c2b7e28886efa3bfc3acc3b1c2a15e4e28c38120c2b8e280a1e2889a6fe280935d55c389e2809e20c2a1e280bae280a220e280b95ac3b2e28886cb98c2a120c3ba6a3dc39c75c38760c2b5c3b6464a56c3a0c392e2809c3d74cb86c5b820422e7acb9c27c2b026312065c3854ec2bb73672076c2b540c39cc2a329c2a26cc3a770382fc3a120e282acc3a3e280a6c2a14e5620c3822a20694909c3a5c2a849c3a5e280a6c2aac2b12723c3afc39c382079c399207b785b2027e2888f3820c389c4b1e280a2486cc3bac3a0c2acc2a9e28988707ac38560c387c6922033e2889ac3a620c3af20c3952069c3a6c3b5e28886e2889ec3a2c3a76f73424fc3a12065c2bb20c3b9e289a020c38b3ac38dc3a0e288820a27c39956cf8060c3a4c3ac3fe288abe2978a0d7dc2b0c3b120c3a0e28882c2ac78c3a933462920734dc2b7c38b3ac3ba20202076c3aac3b33352e2809a22c3aa2020c3a2c2afc38b4824e28886e2888620392120694c4dc5b820c388c3bfc3b3c3b5c3a7c389cb98cb9a515258c2bf2a44e28094c2a1c389385c5220c5b8c2b7432044205a68742020c3bc234be28891353622393620c386cb86c3b730e28094e2978ac391c396c3ab20c38f2cc3a5e2889e29efac81e2809420c3a6c38ac2b6efa3bf3031c39c2027efac81c3a83ac38b696220677d20c3bfc2b1c388364a1ae2889ec5b8c2a9203f6d7d20e28093c2b1c380e2809cc3ac20e280a0e289a0c3a7385b2bc692efa3bfc39520c394c395262064387654c39c6a22e28882c3a4c2bb20c38ec2a2e284a278c2aae28882c38a284d5120c38550c396c38ac3b13a09e289a0c3a8c3bbc3a6c2ac7b2f3e42762235c5b8efac82c396e288abc38e203fe28886574f472be2888f3a58213b3d20cf805929c2bb4ac3a327cea9e289887220c39149204f4f72c39bcb86533aefa3bf464cc3927dc593e289a5796b6d0d586f6fc6926a7d2056c2afe2889157c2af37576bc2bb205c202bc59245efac82cb9be280bac38bc2bbc3a247555c20e284a2c3b2722a20c3875020e280b0c39c2c27202431666538c3b421c3835c20cb9acb987746cb9a3a386dcea928efac81c3bcc395c3a7c2a70d33233dc3b21ac38b705d20e288867ae2818430e2809ce2809dc387c386c2b61ac38720c3a7e2889eefac81c3bcc3a441592064c2b120c3aae28988c391c2a2c38a60206a64c3bb68c3aecb98312ec3a1c2a24320c3a536e28886e2809ec3b1323f5420c2aae280a0c3bbc3956d2acb86e280a1cb9defac81c38b2cc3926064c399665c20c2ac706d20c3b60ac2a8e28094c3b467c3a3c392cea920c3992056c38bc3957140cb87e2809420c2bb3220e280a0c2ba4320c39ae282ace2888262cb9ac38a77e2889ec38cc3b92061c38e3bcb87c692c38a20cb9b20c394cb9be2809ec394e2809c72c3a3c2ae20cb9d20e282acefac81cb9d20766c79c3b3c593e280bac3875de282ace288914161c2ab7628c2bbc38ce280a1c39bcb9b20c3b4c3b439e2888f73cb9c3dc3ba3d7b49c3adefac82c3b2505f44c3a12020e28098c593202134cb9d20efac816ec3bf204a20c38b4ce280ba773232c39cc2a3c385205cc3990dc2b7c2a2e289a02027756d78c38b2020e28184c3b72065c38829c3aa71e2809e3455c2bbc3aac5933c1a4e7024c3ab4176c2aac5b8c2b03063376a20e284a2515b5f2535c2bae289a0cea9c3bb34e2978ac391c3bbc3bb662020e288826164e2888f20e2809ee2809ec3bae28882e280a67ec388c2bfc395e28094c392203c20cb9821efac817bcb98c2b1745c437cc38433c2a2c2b8c3ba2041c3a1204c36efa3bf76c2b521e2898820462dc39fe288abc3ba74282bc38023e289a4cb9cc2b0c2a53020756ccb9bc3a2c3af33c2ae2ec383e2889ae28099c3a221c3bac38f69c2abc396c3ab7ec2a8e28882c3b7717acb86e2809e586a20e288ab20c38ae2809acb99e2809838c3932e4e2020c3a1e28094c3aa4879c39be28891c39fc381c392c39c2c29207b20c385e2809d5dc2a8c2b1c2abe2809920cb9ae280a620cb98c3bbc3b738e280a165c3a3482020e280b025e2898860c3a5c39439e280935ac3a3c3a5c3bf40c2a744e2809cc2bbe2888673297660c3a27d20c2a1e280b9705ecb8648c3a8c39940c3a82c20c3a1c3ac3cc2b137c3bf2020c5b8316c7038c3b620c387e288ab3220e280982020405dc2b020c3a9c382c2aac39b3167c3aec3813ae2809cc3b5c3bf41c3b1664bc3b7c2b5e280a1c381304369c2a22920c6921a213b56c3b360e2978ac3826420206fc39829e289a452c3a7c3abc3ac61c387e28098382dc2a7e2888fc3b4c2ac4c00c3ad49c2bf545fc389c38464c388cea92d4ee289a509c39437e28094e2978a22403525c3aa1ac39bcf80c2b6c39c3a20e2889ec386206273633dc38830e2889163c2ab6a70c388e2809a6d6ee2978ac2a3c2bbc2a3c39449c3a4c3a346644820c2ac207c2020e2809ac3a8c2a7c3b2206c0ae2889ee28882c384c3b9c3a63ec3a5c3aee2809961e284a2c2a2206b0d5d38c3881a22c692e2888620693eefac8128222520c2abc2ab6020602042e280997520c2b0e284a2c3a72020432949c38fc3927144c3a5c3b53dc2a8c38fc3b4496320c3aac3adc3b620204f5fe280b0e280b0c3a448264376c2b761e280b020c3adc2b0e2888fc38fe2889e74c2aac3bb20e289a0c38920cb99cea957c3bce2809ae282acc394cb874076203772e2889e2bc3adc387e280ba2047531ac38dc382c3840046e280997a4e74472065e280a2c3b1c2a852514ae289a558c2bbc391c3abc3a3c2b0c2a17ec39934c2a560c386c39328c393c3834de280a1c3b7e280b020c38a20c38050c3b4c3afc391437151c2bbc3997645cb9defac81743c58c3b2c692c3a353c3a3e2888fe2809c55c385c59254c3b62e5f5b20c39ac2b143cb98c39320c2bb4425c391e280a168c3ba3f20e2889ae280ba21206452c3927740c3a2c39820424cc2a52560203657c2a3c398c38d307ac3a820c2a2e28891c2a220203565c38bc3b120e280a1c2a7c381722073e280937c2420e289a4cea931284ac3994528635d203fefac82c39520c38171c3a0c388e280a6c2abc5b8007ec38634e28098c3a9c39c70e28891c3825059c388c2a1e289885220c5922c47736d38c3a2e289a420e280a22020207120c393c3b5e289a433e2978ac389c2b5c3ab266c75e28099e280a2e280bae280a671c385e28886efa3bfc39f6cc5b8c3b620c2bfefac81c2ac503ac3a4e282ac5ec3aec396202045591acea92d20e2889e20c380e2818420c3a93620685b1a7a7b33383bc3b2c2a1e2809951c2b8c38d68c3a5c2b7c2b749c3ba3f2020636333c3b2c3b25cc2acc2bbc3bf2020c3a1c39fe28093c5b83dc391c3b1c3b720563736c396c3ace2809ae2889ac3b2c3afe2898820244fe289a4c387c2aac38520e280b92920c3bb7a20efa3bfc2b02078e289a5c392200a6aefa3bf51c3b744202022c3b2c38f204b49c2bb2200c39ac2ba20c3ab405dc3b35750c385e289a4c39c3634c2a574c2b1534120206a5ae2889ee289a473c384e289a4c3a90920754cc2b06e6020472037646664c2bfc3b7e280992041c2b1c2a9c2aec2ae6d46765238e2809cc2ace280b9c3ab1ac38dc3a94426c3ac48202bc391c394c5b8e2809cc2bbc3a0e280985b4b7d2578c2bb2035c382204820c3b22020c3b320c2b43ac5b8e28094c3a5672756efa3bf606e20e28891cb9ac38d71c3b526c3921a5fe289a55151c391e282accb9dc39578c2ba34c3a74bc2a7cb9825324a6524e2809e20cb87c39c2ce280932075515e58e280a2c385e280b93856c387c5b8c2b844344731202024655ec3b728c392c2b145c3adc3b909e280b93845474b20e280a0c3b8c39a20c39b7d3e1ac380cb86e280a0c396c39473c2a5c3aac395c593c3a7e28988c2b1c38724542048c3912c27c3ade2809820c39c207be288863ac387c39bc3acc3a8c3b8e28988c385cea939e280987433e288864d20c3bac389353cc38fe289a020c388c2a8e280a162c395c39ce2889e61c3b7c2b620e2889e20c3a1e280ba2069c2a1c387e2809d6cc2b4c2a320473565e2888f2b2ac2ac575109c385e282ac20e280a1c2a3c2a220c39cc38ee2889ac39cc593e289a533e2809963e2809d0d09202320c2bf485ac3a4e282ac4e20c384e289a5c2b531efac82c3b365e2889ae289a435c385c3a3cea90975efac82206ec3a966e2809cc593c592c393c592202c4bc2af793be2809ac2afc38d39c2a8c386c3bbe28988c692c69220c38ac381e2978ac2bbc383c380c3b2c3b25ac2a1c3bfe280b032c39cc2ab20303832c3a14d5120e28882c3a0e2889ee289a54624c3b520616bc3a2305b20c391e28184c3b64b4630c383c38ac395c3bbe28988205620737432e2809d45c2b6c3b520cb86793a21efac82c2ab0dcb98c3a6c393efa3bfc381c3a153c3aeefac8220756d5d09002e4e4e7066e280a629e284a2415953200a2ac3b65050e2809dc385c3b6c3a920e2809a6222202020c3a02020c3afc2a2c3b63620687ac2a243cb9d202020c3b52e7e5ac2b65fc3a0efa3bf7541774720e2888646c3b6e28094e282ac7e206d3420e2809ae2889ee284a27a6acb87c2bb703fc39fc2b520673a1aefa3bf646520206c6ce280a1c4b1cf8053e2888fefac815ec396c2b7c3834874c39fe28988e2809acb98c38833e2888f333bc395c2a550c391c3a2e2809ccb9dc38bc3bfc2aa2055c392e28098e282ac3036e280bae282ac20e289a0e280a661387dc2a82053792968240065efac81762875e28891463ee280a222c3acc3a621e280b9442071c3b1c39cc2bb7527c3af67e28886e280a0c2b7c2bb20e289a4c2bf20c2bbc39ac3ade280a620c392c3aac3a2e2809e33cb9c44c2b07c5f2cc3b3c2b8c2b86ec3a57b206378cb9be280b02062e2889a20c2b7c593e2978a65c2b6262027332020c2aa20c3aac3b620c3a1c692e2888f70207a38c2acc3bb34c393e280a0c2a2c391502520c38fe280a2c2ba20c3aec2a52153e28094c3894c5920c3a1e2888fc3a64f5e20c2b7c3b65ae2889ec381efac8277e280b0c3993bc3b420c2acc5b8e280b9c3a0c38fc2a1cb99c2b4cb986ce288ab2020c393c592c39c7be2889e3ce28988c385e288ab5259c2bfc380e28988c3ade2809c6a2020376bc2afcf80e282ac4ac38e71312138e288917120e289a533c2abc3b41ac3b7e2889e4269c3b9c3bc5fc2abc383c3992ae2888627c692595720201ac3b9c2ab263f4bc3a6c3bfe280b920efac812020efa3bf67c38a20223bc391e2889e4209c39168c2a23ac3a2c38befac81c39568c3b4c38ac38d20c38c74207077440a6fc2ab3a0a00c3b4e2889ac3b3c2ae3523e284a2c3950d0dc2b04a463030324520c4b1c2abc692c383200ae284a25a3033e28891c391c3b3c39f272cc2a8c38fe280a04469c2b1e2888277c39cc3b6e288822120cf806e60622020675720c3b2c3b6204020c3a0efa3bf73437ce2889e20c39c39e2809973c3a547e2889acb9dc3a774e282acc3afc38b621ac38bc393c2ae415f20e2809ee2809dc2b720c3bfe280a020793833c3a427c39b5378796220c38120c3aec2a35e76202d2bc2a1672020e2809ecea9c4b153583f564e37c3bbc3a7c3bb203630c2bf206520c3b22cc2bf0d32cb99c3ab53c3aec3bb20e289a462c2a5e28886c2afc2b0e280b9efac82206520e288822824207220c391206ec38f2c526cc2a8e288ab204ac388096a20c382c2ba20c2ac7ecb99c2a73dc392c3994b4c55c2a9c2b02820e280a0e280a1c38c245f67205f5ec2abcea95b20c2b720c38c6646e289a07677e289a4c38937e2809dc3b1c3b3204de2889ec3b92dc387c3b2e289a420772a2071e282ac2ec3aec38c5247e289a5c3b621c39cc2b52d31c2b067c389615d2b346ac3b640c2b6e284a2c3a85c793578e2809dc3aee2818459c3aa09c2bb0ac59220c38420c3b4c692e28099c3ade2809dc592c593e280b04e007872e28184cea9c5b8702020e28093576ae2888f485ae2809a384d2020722020cb983820c6925720c2acc3814cc3b4c2b5e28988c385cb9d39e2888f7cc396517d642027c3b7c5924ac3a5e2889ee2888f78c3a4e280a058c2abc399c38f2ac38e20e2888627c3a863c3acc3bf39247e5c7234200a2920202c4736e28099c3a2c382e28886c399e280a1656644c5b878535ee280982b20207de2809cc39f2ec3ba0dc2a5e280a1483dc3a32642632035e28094c2a728335ec3a426202053c2a3c3ba5de280a0e284a2c2a920207a20201a507b7b4768c38ec3b54049e2809dc3844c610020e289a4c396c39cc38620c3b4c2ac201acb9966c3bfe280a2c386202d7d6378c2aac2aa617a7200c2b4c2abc39f314d733932e280b9c3a2c2b0c38576c388c692c3aac2a120e28886e2809cc692705cc38b6ce28886c2b4c3acc2abc3927c6520c59357c381c392706e205325392820c39246c3bbc3a82020202021c3a34cc2ac4c09202020c3a9204b5b78c2a969c2bf6ee2978a2e1ac2b5203cc2a2c3a13843efa3bfc2a533412020212be28093c3bcc2bb7c20c3aac5932820c592c394c3ae6565c3915c204420c3b55d55c3aec3856ec3abe28094c39b52c5b8c2af20c38fc3a7094636e289a5cea96c4f20c2a1c3aac391e28098205fc3882cc2ae2bc381c398e2889a444b201ac39a3bc2b0cf807327c399e288826ec3a1e2809ec38a6dc3a0c3bfc2ba20c3885bc38271c3b20068e280993062e2809e0900203b4c203a48c3806e6d73092045c3a4c3b64856c2a754c3b2c38dc2acc3857e41e2889ec38520206ac3b8c2aac3b929c2bac2aecb9c3e20c384687ac3aac39f2dcb9dc3ae20c3b454c3ae3dc2ac7cc38f204140c2abe2809ce280932644cb98e280942020492020c393e280a64457c3a2c3a3c3b3c393536a47c2b17ee2809a3cc3b461202020272556c3b2c3b55bc381cb99204c4dc39861c3acc3a3317d2063c2a3c3b531e28094c2abc38a3b20e28093e280b920c3a26620c2bfc3afc592e2809dc39639e2809dc3a72ee28098e280bac3aa25c3b120c385c39fc3a220c2b8200a206d75205153e2809e6d4c20480a53c2b6c2b7c2a5c2a5e289a4c3a120c2a120c3bf40c3a22020e289a4e2889ec389c3a6c2a1c3b140e28093e2809433c2ac4e656dc2aec38ec3b420342420efac81c3a67ec3aa57e2809dc389c3bb09c3acc3a3c2b4c39f202045355de280a6585ec3b8c3a6c385353679c3a27a3fc593e28886c3952d4c61c3ad2c30e280b9e28099c384c3a3637d787162092f4f2e73cb9920c3927c6d202729203226c3a8422f4fe280b0c3a1c2abe280a0e2889150c39cc39632201ae2889a39cf803e2038e280a1e280a1c3a07c473b20c3b1e280b0e2809d5f2c615956c3872032c2acc2b1702f20c2a12047c2ba20c3aac380c3a7c3b94ac395c3af25203320c38f67c3912b462d20c3b7222b45cf8000426e3c2026c39cc2b02439c3bae289a420c3a7c2a334c3a109417e78cb99e280b035c3b7564e417de282ac20686defac810a73363fc3877ac3b84f5e204720e2809851e2889ac39438e284a267c39639437b2c203960e280a6c3bf207346c3a9c38be28099c2b14425c5b841c2b6c383c692e289a44320efac81c3ae0d334335c3bf206ac2bfc3bbc38420c39ae280a14cc3b4e2889e2027c39b50e289a4c692c3a23dc3a956c38fc3ab3541c2ac722358e280ba204ce280a1c3826cc39cc38b20576452cb86cb8664e2898831c385c692624f762032c2bb5e23c2a3c3ac38cf807e20cb9d7d63583b71c3abe282acc39b20c3b520c3a4e282acc39920c3b1c3b1c38820c3914f20e2809c60c386c2b0092b2020c3bfc3a3c3bcc3b90d59cb996c3ee289a5e289a52b27e280b9c3a7c3824e20782000c3bb2c20c387e2889ac3bcc383202020e280b92020c3a52bc3935a1a20c2b7e288ab335fc2a3c2a7c2a8203d43e288ab562757e289a4c38920e280b0795b4d434762200d6d20c38f52e28099c2b077e28093c2ac203965e2888fcf8079c2acc3a8494449c3a3c592c3bfe280942041c2a1c2b0707074e2809ee2809e1a20e280b0cb990ac39fcb9dc2b8cb98757ec2af25c2a8205fc69220c38d2020c3b3c381e28093efac82efac82c3a4217ac387e289a564c3a0cb9a20e280a6e2889acf8020e280b920c38ec2ac3ac38530e2889a20796b7c20c3bc5ccf80c3a4cb9ae2809de2809d387954c39cc382e289a4524c20c3bfc3a8c2b0c3ba74c3a520c2bbc3ad76342dc3abc38de282ace289a509c3aa504fc3b648324220c2a3657c3064c5b871c38b3b5ac3a4c2a1e284a23220202b452f7d46555120c3b609c3b6c3a4c38720e289a40065664f20e284a2c39ac3ac682063517130c3b920332020e2809d2820c4b12043c2b7cb87cb9c5f307e773b427628c2a2c391efac8243c2b6c2a8c396204d2336e280ba20274c5cc2b166c38fc387652367c3a2093ac2a5c395502b40e280a0e280a0c39662cb99c3916c2b20c2a7472721e280983f00204ee28882e2889ee280a2e280b05ae2809d54c3b63332e284a22ac3aa6134e28988c2b7c38ce284a230e2809c2027c2b4c2ae3242e284a2e2889a44570dc3b146e28184c2ba5f202e34c2a9e28094c3aee289a4c2bb2020c3ae202049e2889ac3aec69224c2b5e2889e70202bc3a3c38e202020e2889ac39ae2809c1a662666313d3ec3a7e28094c385207434c2b5e2889ec3b6e28093e2978aefac81c3a94d56e280982f37433d78c3aa093ce280a6003ee28886cb99efa3bf3161e2889a4d0d20606ac3914069692055c3aac3b4214239cb98c2a2c387cf80c393c2abc3813ac38e68c2bfc3892c61e289a04d20c2bbe288862020e28891e289a475c384c2bac3ad3ac385e280a0204be2809ce289a4373dc387c3b6c3b1207dc3853e3dc391202ce289a0c38c092020c396c3ac3b74c3a52cc392cb9c2d4ac3bfc2b6c2a7e2889ac2ab0d79e282ac20364ec3a62864c38fc2ba73c3943e203e7ac3a420c3a85ee280a1c392e2809dcb9cc392efa3bfc2b773e2809cefa3bf35c3ba397120c38ee289a53358c38dc38ec2a1545520c2b645c3adc2aec3b3c2b7c38d603bc3bbc2a82de2809ae28094e2809a3420c3954fe2809ec392e280b9346e207661c3a7c3a7c3bc2a2025000ae28094c3ab4500e280932720c3ac3d2030c386c38a33c2a9c3a5e280937bc3a5e28093c3ae20512e46c3b43ee288abc5b8c2af207ac3a03ec3925bc2abc2b03dc3a5c3a7e280a2c2ae2be280bac3a3c2a320e2889ac2b1c2ba34e289a420c3a7621a0d2359222f3d205f20c39b2b2a65c3afc3aacb9acb87c2b820e2889ee282ac26c3a85c20c384c3b2c39a2e2d33c383c3ad2056c3a5c3b971e28184e280b920c39fc3833cc2b168c38bc39176657d20e282ace280a20920c38570c692c5922020c3927b71c3a032c3b7c3bfc3bfc3a3c2b7c2b079c399c399c3a9c2a35c7620cb987bcb9cc3abc38d232020e280b0c3a3e280b0c38b60c2a74420223f57c2b8e280b95f24c38c61207b0de280a2c382c3ab2269205e4d7539cb8667e2809dc380efa3bfc3a6c3bbc3bb2e34e2978a56626e7220c389e280bae280ba20c38fc38d422067207a5ae282ac313630c3a42046e280a6c2a1c3862020cb8620537ec39fe2889e69c3b3e288ab20c39948e280995e56c38a20c2b62909e289a560c3b4c3b522c3aec38050732069e2818443685a42495361c2a7c2b6c3a0e28891c380202021c3a04071276bc3bf20c3abc2b6c3b61a502020e2888220296120c3acc3873cc3acc2a1206ac3bbc3a9c3a629207ccb9dc2b0c395c3b821c2bac385c3b4c396203c3c7d6166c382445930c391c3bbcf8023c3a420c380e28093e2818431c3913922cb9cc5b8c3a3e2978ac2afc393c3a15fefa3bfcb9d4f20e280a1cb9ac3bccb87c6924fc3b8c3a6c2a9c39420c2b8205f7dcb9a27c3a6667dc2b8cb994be280b9cf807420c380c3897dc3ba5c6ec3a0c3ba2c20c3a4c3a34563cb9b20c38372c389c2a837554a7b2027c3bfc2bbc3b7c3836454e28886c3914220e2809ac38923cb9b6ec2bb73e2889147c3b1c3a30d325dc2a8c2b1c3b5593be28886e2809420cf80204128c3a020c2b7cb9a24e280a05a32c3a12009c39152560965c2b70020c38166232e202045c2a9c39268c3b3c38ce2889ac2b7e2809868c3b6e28886201ac2bbe280ba282d28c692cb9c3fc2b8c3a2c2b8c3ba7cc2bac39bcb87cb9b20307c77207276e284a2e280a045c3952033cb992e20e28099e289a4c2a1c3a4c3a23be2888635c38331c2b66ac3a5667573c2a5c39c24634856c396c392e28882614c4ec2a8c2b169c3acc38bc3931ac2a1efa3bfc2bb2cc3b74f5ec2a1e2809ae2809c69c399c4b10dc2a3c386e288ab1ac3a1c3a30ac3abc3b5c3b1c387c389cf80e2809ae2889ec2bf32c3aec3b120c2a34c26e2809a74202a2bc380e28094e280985cc3a8c3b756c3b6c38dc3a64e202020c2b768cf80206547c2af201ac381e28184e288ab1a5ce288abc39a20e2889a20c3acc3b2c3b45cc3ae52434f204dc2afe2809328c3b6c3b53b505e5ee28988cb9cc2a9645560c3ac20c2a94bc3bb26465dc59320e288ab346f2034c3a92120c2b6c3a0c2b16659c3b420c3a4cf8035c3ba206661c2bfe280a22042c395c39959c39c202020c2bb202020c383e28988c3ae204dc38a5f6520c2a1c3aac2a941c593e280934c20c387c3a4c39c20c3acc39168c3a62dc399e280a620c2aae28098c399c2b1c38931e280a6c692e2809c2076c592efac81c3bfc2ba4b206de280b900e2809a48c2b65fc3bfc38fc3a83ec2b820c3bc20cb9b207ecb87cb9d20c3883e51c3b8e289a57ec2afc382203c78efa3bf20c39f4f6ee280a1cb86c3b9c39f78c392c38d6b7cc399c388c3a8c2afefa3bfe2889a2f71cb9ae2809c202c0dc399c2a2c38a4829e2809c2020206f6fc3896cc2b6c3b6205f37c38fcb9c7246e288abc2a335e2809ae289a04c204de2809e20e2889ac3a4c382cb9c4a64e28184c3a2c2b0c3987160322063cb99e280a620efa3bfc2a1c385c2af20c3ae20c3834523c39fe289a0e289a542c39c20c3ab50c2bb325d20c3b7e280944320c3aae2889ac38b5b4c20c2a52020652022315026c391c2ba70cb99c3a6c2b8cb995744c3a1e28988e280a1c3b9cb87c39237c3bf1a20c2b7c3845f2056c39a6ac2b1c3aaefac82c3a4c3bbe280ba3264cb9a20202455c39cc383e2809c3ac2a8c3a5c398e280a1c2a1c380c398efa3bfe2809ae289a55fc392e280a1c388c39f78c2afe280b020e280b9c2bacb9dc3bb20c3922e5ec3a6c3a8c380e2978a2061e2809ee2809a20efac81c3a6c3a9c3abc2b03174e2888275c2a2c389533cc3bf3fc3a009527a4d552dcb8665c38c467cc3a02032687673e2809d23c3abc3b32027c38c792027e2889120292de280a1c39a202020c3a033e284a2c38bc2b56e3ec2abc2afe280a124c2b6c6924ec2a7e288862e542038c3a023cb9acb9ce2889ae2809de288862056c3b63a20c2a5e289a541c2a8c3a12b36296a50c2aae280992020472ae282ace28886266dc38152c3b4e28094c5924447205ec3992020e280b97851c2a820204120c3b9c2a860c39170c38721c3a56631c3aae2809ce280a14520296461c3b3c2a220e28098282020c3ae20c2b1c3a840c3a320e280a1434920c39271c39fe284a220e2809dc38731203420214fc3a1c2a8c2b067c2a1c2a760c3a2cb87e28184e284a2c3a9c2b1c2a9e2809e52e2889a20c2b8c388377cc392e289887778c4b1cb9b6778cb86c399637cefa3bfc2a1c3b3c2afc39ac2b4c3bcc392204120207bcb9ac2afe2809d6fc2b1716a433ae28886e280a1e28098e28184205cc2ba7020cb9c207cc384203fcb9d2020c3a6cb9b20c3815756e2889ec2bbc2a968c38ac3b3efac822020c3a5247b2b464120c2a7c5b8c3b523e2809dc5b8207bc2bb207be280bac38fc3abc38868c3a2207e7e77202d64e2898826c2a3c3bb203ce28093c3b7c3a7e289a5c2b467c2b13c31c385c396e28094212cc3a70d63c2a5c2a320202320c3b2c38dc38e4037c5b84556e2888f20e280a2c3b429683cc2bac3a8c3adc3aa46c3b44843c392c3932834c3b734e2809ec3ac4fc3a6c3a1c3a3e289a520e28882cea9e289a52031c2a14168c3aac2b5e2809ee2809cc2bf335c20cb8700c3a3c38c5731c2aa7820e2809ec5937e42efac82e2809d20efa3bf3920c38ce2889a4f7ee28886c38020c3a6e2889a7bc39420c3a3c39fc39420c389c2abc593c3a6c2bfcb9dc3a120e2809ae28184c3a7c39fe2888f71c38e20c3b5cb9cc3aec2a96920c380c38067c3b2c3ba2031313ac2a1464ee2809cc3a1c399c2a2cf80c386207959c2a9c3a0c2a32048c3a4efa3bf4162c39120c3adc2a3c2bac3ab20c38ec389e28098585fc6923139c692c391cb9a485e41c2b8c3bf77c38ce2818420c2a5c39b33c3a9cb86c3a961c3a6c39f204bc5b8cf8038c2ae67c39ccb9d7ae28886c2ae4ac2a2372065204ec392e28988c2b6c3b9e284a2e2818450e2809836c2a12e364ac3acc2a8e280a04d2a205a2ec3bacea9c3a9c38520c2a5c2b5c4b161c2a1c2afc38147c3b4c3a0e280a04444c2b12209c3a0703242307dc389e28891c2af6146c3b5c394c2b04a63c2bbc381e281845ae282ac42c3af6961c3b3c3a420c382c2bfc3a031e2809c20cb99e28886c3b120205947c2ab20c38ac3b74e640933e289a4c3852ee2809a52cb86c2b7e280a6e289a537674749c2a8efa3bfe282acc3bcc2afc387e2809dc4b1c382e2978ac3b8e2809ee2809e4f7ec2bfc38ee2978aefac82e280a1e28099c2b42fefa3bfc399e280944be280b92520e280b920efa3bf3e2e6dc3a07320e2978a71c392e280b9655cc3a6742067c5935ce28988c3953bc593c392c5b857c3b8e2809ac39ac3b4c39b582020e288865c6f3be288ab39e280a65520cb86c2a2343a20cf80e2809ac3ba4d20732920202078e2809a4872202053c3a7e28988c2a955c3ba5cc2aac3a05720cb9bc3846f48c394204fc3bcc2ab58672b2030c3a0c386e28184c2a3582020c2a1e2898853c39f31e281845ec3a8c388c3bb46c3a5e2889156c2b0e28891e2809a205ac3a9c38f456d5126c3a420c391c2b7c38509c2ba78c39453c3b2c3aac392cb9bcb9be2889120c2a1efac82e282acc3b32c32c387c3abc2b1c381c38bc3b979c3a2cb86e281842b48c593c388e2889ac2accb9953c2b8cb98c380c3bce2888fcea9cb9b0020c39fc386627de280a12cc3b77a4fc2b7c2ace2888653e280b97bc39a39564fefac81c692e28184e280a620c2a8c3b55858c3a6c384efac81cb9b69c2a577c3a5c2a2e289a573c391efac81c2b02020c382c4b1c3baefa3bf6a34e28098e2889162777c3423c2a33363c2a72042c3887762c3872020202053c3b4c387c2acc38879c387cea9c38f616fc386c3a2e288abc39c267ae284a22068c2a8c2aee28988c692e280a12056c38820c3b7cb9ce28094c399c3b6e282acc2b0c2acc59209c3b9e280a6cb9b38e289a43b20c3a1e2809c20c2b14945c2ab203bc38bc38ae288917352c395e289a020e2889e3b2920c3a6c3a575c2b65676c3aa572143c3aa25efac81e280bae280a220256d632020c3b2c2bfc5b8c2bb006ec3ae20612acea96832c3a7e28099e28098e280a0c2a7c2a220752d4e3dc3acc387c3bbc38531347438cb982a3420c3a54dc5922e20c3ae204b286a20e2809d2038e2889ae28094c5b820e284a23a202020c3bcc3acc3b6cb872065e280a1c2b5e280a0c2afe282acc59370c388e2809a5dc3baefac82e2888fc3893327c398c2b7c6922020205f38c3a3e2809d272ee2809ec399cb99252cc593e289a061767cc3b4e288912f6265cb9b20c2b647202b27c38a31e2809c3fc3a9c38dc3a4202cc592c386c3ac357ec2accea9e282acc3a8706a6120c380c2a3c389c3b2c3946bc2abc39a5037cb99c3b428e284a209c3a463cb98cf80c3ba561ac2acc5926e2c4e4c63656a20c3b3c5925dc2a1c380cb9cc3b8c692c3815fcb9dc39c3b37c39362c2aee289a0c3856068c3adc3bb374dc39c39393f477668c2ac784720c38acb993be28093477620c3a6c2b7587e2ac39ac3ac22c2b1e288ab7c1a776e3de289884e39456ccb9920cb9d20c2b7c382e2809ac3a9c3a7c2a1797ccb98c2b86bc2bacb87efa3bf337c7de2809a206e2defac82c2abcb9ac3bccb87c38720c3b77558c2aac3b3c2acc3b7c2b42061e280a63548c3956bc2abc3a623e2889a70c3922fc39ce289a5c59320c3a54c6f20c389c3ad626420206bcb9a20e280b0c393c3b3c2b7c3a0c2a8207ae288863ee280b976205c3fc39cc2b0c2a171c39120c2afc2acc395efac8120415ec3a9e2809cc592c2a3606f47c391cb983a223ae280932020c393c3b7efa3bf76e28882c384c2b4c3a721e28891c3922c2ec3bac3b8c3a7c2b05e71c385c3a9295c5f3cc3a22065c3a1e28094e2809ac38fc39cc3bbefa3bf48c3ae797bc2a1c3b33269636bc3874dc2b021c3abefa3bf2020c3872020c2a94266200a2046644424544920c3a43a2c2d6328533ee288822a682020c38de2889ec2a5c2b5c3b37621c38ec38b1a42c3bc5171c39fc3871a76c38f52c396366f6b68c38e31cb9bc2a96320e2809dc387c387e284a260205dc2b62063c2aec388c3b2c3ac2dc383e280a63856e2889ee289a47647734bc39820c38720e28098c398c3a7737770cb86c3992dc2a9cb98674f5fc2abc39673e28891c3a2e2809acb9ae2888f77cb9c39203fcb9b20cb9cc394cea92420e280b9c692cf80c3ac205143c389c3af2047e2978a4ec3a12d2b3cc387e28098e2889e58c38fc3a74ec3912c63206a33737065c39320c3a6cb9bcb9920c2ba78c3922020e280ba20c3a453c3a3c3a3c3b2c3886ee28988c3a2c3a241c3a5c2b536e280a0c3b9e28184204c24c3a0efac8120c3ba5d59e28886c392c2a949e289a4c2bf20c3bb3fcb8720207dc2b80dc592c2a8e289a0c2a3e289a5cb8620cb99c3b66ac2a7c3a355755520454f6d20c385e28094c387c3a220e2888656c3a64777c4b131c39956e280a62820c388c2bbc3a2c3a7202be280bac2a1c38d2059e2888fc2aa7a53c3bc09206ac392c3a7c3b520295b2f70cb9acb9b4b3ccb87c2af2b7c4fc2b620c3bac2ba2020c38920c38bc3b267212ec2a320c396e289a451c2bb2ac381e280a1207820202009c3bf57e28184c39ccea9e28988c3a7e2889ec39ac3bf2020c39f74e280b020c2aec384c2a8c2a220c385c3abcb9a60c39420c3a8c2ace2889a4720c2a94fc3acc385e2888620c38bc38e207b7a2077272b783b59c2ac475a5a483bc3bae280b9c38c4cc2a7c3bf69c2b0c2b4c3a7c4b1e2809d5770cb99e2809865c3a520206363e289a578cb99c39220e2888f524b66090d42cb9bcb9bcea9efa3bf2020c3a120c3823b3636c3916651c3a3e280a6203420c393efac81efac81c3bf416dc3b3c2a3c2b0c39befa3bf0dc39120c38843c3bb4652e2889ac2bfc3ba4fcb86c385c3acc2b43b23e280a03e53c38409c38f20c3bae280a2203f3bcb985c202ec3afc3b420342920e288abe281844c207c7cc3a122c3a722c382e28988c3bfe28098c3a4e289a4602d49c385c3b1c3a635340dc2a8e280a1c38820c3a76fc3a6cb98c3b4e28098cb87203ecb98c3993b7ccb993975c39bc3a3c3bcefa3bf2023c3bf57efac82c2b8c387c3bc691a2048c391c393c3bc3d41c3b9c2a746c592204d60c2a7c2a320c39574cf80e280a2cf80797037e289a564e284a2c2b1445120c4b1c3b2c392e289a03d332055313168efac822000c2b4e2889ac39b78cb9dc5b8c394c2afc399c2b43fc392e280a620c3b8e2809a20e2888665e289a4e2889a20c3b7263820c3a7c2a7c2bbc59276c3ba5f3dc385c2aac3b3c39863c3a74020e2978a207a70c38e205ecea9c2b820e2809ee280ba3de2809cc3a85ac2abc3a4c39a692033c3aa202009595ec3bb740d20c2b73d3ac3a95660c2a7e280a20920c38ce289a0c38b232052222370cb9de2818420e280b9c2ba7e20e2978ac398e280b9e28886e2809dc3a12f71c39bc38d3d20c3b775c3b70d6cc3bacf80c387c39bc3816ee2809ce280a13ec2abc3af6b4fc2b1e2889e74202bc38e77efa3bfc2afe280a64778422054e2809938c3a3e280b9c389c3a768c38c5926c38ce28891e2809e50610dc38d6bc38bc38b6bc39cc3b2c39447e28093c3b73cc387efac81c3b761c38320c59362c385c59220766a20c3a720224f376738c5b8c3a2efac8220c692e2898841c692c3936571e2809420202078e28184497b205dc2a82020e2809ac381c3a2c38ee28891c3bc63c3b40964767220c38020c2b478c392c382c593c3bfe280a1cb9cc38bc2b5e289a446c3a3c2b4204ac2bac3bae280a1626bc39ce28093204b2020c3a7e280a12020c3a4c2a7c69264205a5a61c39fc39cc3a6c3ae22e280b069c38f54c399c383c2b14bc380c3a0e2809cc2b0207d735bc391c3964542c593c2bb20e284a2e2818446c3bfc2b6e280a0c2a120e280a0452030c39c0a7dc39cefa3bf20c39ce28886c3ba7ac2b157c3ab00e2809433c2a5c384c2a3c3ac2034c4b12de280a0c3866f2047203fe2888fe288ab20513b67e280a246c3a364efa3bfe2809dc593c3b8e2809ec3b5c394202020c2b80d3fc2b8c3993bc3a6cb9dc39367c2b6c3a1efac8225c389c2afe280b0e280942b49e289a5c593c386c2a8e2809ee280b0c2ac0a56c39fc38a70726e09e289a42045e2889ee2978ae2809c45e2889ec2b131cb867ae2888fc2b0323b2023e28099c4b138337b2077c5925fe28988e28099c3af5338e280943bc3a4c3acc389e289a5787ccb9d29c3a7e280b9c593c2a7c3934734c387e2809ec3b2c393c38cc2ac40632020c3b55a7166c38838c592c3ac202047c3a12540c3bac2b6c5b820c2ab5f204e4b43c3a6c3b52bc3a9e28886c39123e28099c396c2a56bc381c384204929c3ad54203434e280a0c398c3a6c3a9c3807a20353560c3a02073c39bc39a2d5c397b0957c5935d22c38b2ec2b7cb99c382c3b5e2888f7ac3823ec2b5c3bc29e280a1c2b8c3b5e288ab7dc38120cea9e280936778cb9de28094cb9cc2afc2b820c387c2b8e289a55f583fe28093207dc3a8c3a83ecb99204f20c3b8c2bfc3a7c3a3e288916858c59320c2afc2b420c39420c39fc38f2d637e7a0d735cc3b7206b4320c5b87061c388203220c2b52d20c3945d6c4de280a220c3bcc2bac2bb20c3a6c3865620c389e289a0c692206ec2a779474b20c38fefac82c3b5c3a2cb9ac3a83ec2ac20e28891c380c392cf8020c3ba5a39c3a25734c2b5c38e6579204dc39ae2898860c384233a3c20c3abe280b06ac3a1c3adc2a7606cc3a4c3a74bc391c3bbc3b42de280a2c2a1200ac3b662e2978ae2889ee28882e280b0c393e28988c593c2ab0ac3ae20c395e28891c38a51415d207ecb9bc385efa3bfc2a220c3bfe28988cb9ac38248cb9d7220c2acc3b12020c3bf26c39822c2b1c3963a20c2a2c692c2ab44c2a96a1ac2bfe280a6e280940dc2b620cb8634c3bb56e2809332e289a4c389e289a07320c3a6c2b8c39a200920c3b8cb9b26c592c39ccb995dc39a2020c3b920234a30c2ac27c3a5c39c2f5e7ec3a9c39f4f5fe2809e2ec39f4d5cc3bbc398c3b326293e2820e2888620c38defa3bf37c2a3c3882020e28988e280a0c38f20c386c3a5c4b1c2b7cb86e280983036e28184c38bc39ac5b8c2a8c2b7c2b8cea9c2ae0a20c2a158e280a620efac81c386c2ac200dc3b7c3ac27c3bcc2b7e28886c4b1c3a120c2a36b6ec398e284a246e282ace280946a74e28099e28099636a602033e2889a2320c2a35420c2a536e2809d41c381e280934c2022c380e28099c396c2b6c3bf2076c38dc38d70e2809eefac823ac3adc3afc3a7e28184e289a432295676575532c39c3562c2a7e289a045c3adc3b20dc387c388cb86c2b55be2888f75c38c2e20cb9c44c39a3a77c394c3a6c2bfc395c3b574cb8737c3bbe280a1cb99c4b127e2888f23c3a9e2889e66c2ac79cb9be2809a2bc2bac2b8efa3bf4736e280b0377c4209cb9ac38e3b20c39be2889ac394c2afc38f20c3b7e2889120e280a1e2889ac593c3b8e28988cb9d272f313131c3a3c38ae281842634c39ce280a2215ee2978a203bc4b120c2afcb9828c3a24131c3aaefac82e288820dc2aac2a723c3aae2888243595ec3a9c2b5202ac2aa7670296ec39bcb9b6dcb8744494929203ecb9b203320c3a358c2a3c3b83a73e2809a3c5e20efa3bf2dc38a42c2ace28094c38ec38cc385204020c38f71e2889e41c2b6c3a120e2809a6d6de2889ec2a960202022c2a2e2809ae280a0c2ace280a655e2809cc2b5c384c2bae280a075c3b120cb9dc385c3bfc5b8202020c387486ac3a220e280bae2889ec3a0c3b64a34c3b320e288abc2b62020c2a142c38830635cc2a5c2b175c3aa52c387c3aa20c2b733c3aec3882b20c2af5a2020c3a4e280a2c3a720c2a5206de280a62cc38a48c5923cc2afc3942fcb8757c3a2e289a5c2a27ecb9ac38c207ccb9b2537e2809320c3a55177efac82c3acc2aec4b1e280b9c2a94b5c5ec2a337e2888fc2bf2fe289a4c387c2a7e2889e28c3b228c2a922c2a1c3b71ac2b5c2aac3ac30565cc384cb86e280b974c2a5e289a42ae2809ec2a350462055207e67efa3bfc4b14721e280a24ec3b1c3aec3a9c38dc38720e2809820c3adc2b7c388e289a54fefa3bfc38277204ac38a525c214450cea9c2a8e280a1206445e280a2c38b2643c399c2b552cb873be2818420c3802044c386e289a52020c2a82c2023c3a9e280a634374630e2809d52c2a7c2a3200ac3acc3ace280945e2ee2889a24e280a265c3aee2809c30c5b8e280bac3a271c3864fc4b1cb9ce2809ec2b7cb9d67e2888f4f3f70c3a87ec38a20c3b377c5b8c2afe282acc3a5c38477c393c2bacf80cb87c38ac4b147e2888f71c38c20203fcb9d20c3a8c3bc202020cb9dc391c3bc20cb87c3acc383cb9c205ee2809dc3b5c2ba47e289a5cb99c3b62949c38f3320e282ace280b0c2b7e280ba7bc3aa20c3b320353a20cf80c3bbcb9b2820c3a0c384c2b55320526ccea951e280b0c2b7c389206f3744e289a4c3ab7121cb9b482020c6926e26c2a3c2a5c3bf70642546634f6a20e2809ce2809ac2ac303a3a49203ee2889a70c39438c3b126c3a8e2809ee280b0e2809c393c5fc2aac3a45e274fc2bbc2b8202173cb9c46c3b6c2b535e2809ac3b920206964c3914dc3b1c5924420c2b5e28099e2809ce28094c3ac4030c389c2a3c2b420c3ba6dc38fc2b0c39f65c2bbc38f6fc391c2afe2888f78c38fe280a620c3aa7620c3a3c2ab2060c692c385265a2c45c38741c3a120e280a1c382c3822b31c38420e2809dc2ab2e26202020c3af34e28988c3bb445368c3aa0d34c38b20e280b0e280984c70c3aa4dcb984f20c2b8cb9bc2ab202023c2b84a203c7dcb99c3a2c2a5c2a1c39333265ec2aa7820204e5220c3a9c3bcc2acc392c38845c2a8c5922c4a4de289a5622a09323343c2a8c3a70dc2a2c2af25222c2cc3aae2809ec382c3852232c3842c2920c2abcb86e280b0e280a021203f6ae2809ce2809dc2bb2032c3ba6dc394c2a1c3aec2a820c3943d7ec396c3bcc2afcb9c2e5fe288abc3a3c38ac2a335c3aae28094e28098e280a6c3a4c380505f7e205d0dc3a7c38b6d6e62c592c393e2888661c3a6c5924b5720c3bbe2809ac3b357205dc391c3b6c3b420efac81c5920a71c3aec3a0e280b9c2ae20c2bb2020c2b0e289a0c38720e289a4c2b6c39cc38350c3a7c3a963c2abe280935d5b47c3ac7920c3a820cea9e28886e2889ac3a1c398efa3bfc3a075cb87efac817b20c39a206ce2889ec592c3bcc3a6c3a44bc3816fe280a1e28184e28099c2aa20e289882020e2889ae28891c3a5c2bb3fe2809ee2809dc593c3a6c2a1e2809e4720e280a1cb9dcb9cc3b8c2bfc3a83fcea961c3a13b77c394c2a3c2a7c2ae20c2a13470c2b7c3a63ec3a0090a40744820624220c3aa2020c38320c3a123333920cb98202928e28184c3acc396527e5759e280a6c3b5efac8220c69221cb8735c2ab2ae28094c2acc2bb585f53c3a7e2809dc39927c39f69e2889e20c2aacb99303d3ac396c39cc3a43ac2bb2072c3aa4c2020c2a8c2a7205f2e7d2c6de280a16d6909205ac3874d2a76c38550e2889174c2ab4e2d53e2809ccea93ec3ae2909c386c393c3a6efa3bf75cb9cc3aecb860a2ae2809d23c2af2020232e3e516220456d5320e280942fc2af5022c2ac4243c3b42220616261206b3be2809c20c382623bc5b844c3a9c2a941e2978ac3a0c38a50c593c3adc3a2c2a120e288abe2888676c3aae2809d30c396c3ac4f2ccb9dc2bf4fe2809cc3b3c3b1c2a7c3857e40004148c69220c399095fe2809cc3837cc6920dc4b1cb99e28099c381c3aec391cb9ac3bf387e204b635320c381c3b3e280a6c3a4c39fc3a12123c2af20cea9c5b8c3bb6ec3aae280a224e280a03e2720e2809ec3aec3a14959207acb9cc2b6c2a3c3a220c388587830645ec393c2aec3a5c3a743c381efac8120c3ae2765e2809c745ec3aec3842076e28184207142cb995acb9ac3b2201a30e28184e28099c3856132c2a130277bc3ba40c3aae280a2e280a262c398c3b52062c2a82dc2b7e280a2c593c38bc2b4e289a020203d3dc38fc3a2c3a2232dc39441457120c2b420c3afe280a247e28093565ec5925451c3a7c3b1c39a0ac3837143efac82cea94b29e2888f7a5f62c38447c3a8efac81c3b3c3bf6ce2809ee28098455cc2b06fcf8075c38c2020cb9bc3aa7ee2809a3a6e5dcf80c3a220c3b36ee2809a1ac38ee28988c39b20c392c382c381efac8263717a2065c3a120e2889ac383c6922072e282ace28988092ae284a2505551c385e289a4e289a43254c3ae4429c3ade280a220c2a7525620c2b5202a20c3afe2888f4fc3a2c3a8c2a928c392354ae2809ce288abc3b1c3b120e288abe288abc3a170e2809ac69220c3ba397d59e281842037313ac39ce284a2c2a3c382387cc2ae583ae28184cf80c2ae2020c396cb9acb9c615fc2b6e2888f70482036cea92bc39820433b2fc39126c382c2acc5b83720564e5ec3ad493477efa3bfc3841a20c384c2bae280937b7d4b28c3abc39a20202055e280a620422044622020c3b4c692c2ab4641efac82c692c3ad3ec38426c3ad7222586427c38520764620c3b4e2818462c39fc3a43ec3ba5c7c20c38b2044205ec391c3a85fc3a67ee2889a2020c38400c2a1203fcb9bc3a9c394c3a62060c2af203fcb9bc2b820e2978a20e28988634ec592c38fe2809338c39b7b2f1a654720c38e2020c3a7c3b94aefa3bf303446e288abc2a320c3a47d496fc3a540207c3c51c2bf3ae280a1c381c38920c385cb9b28c3a2c3a4c3872c3320c2b53454c3b9476b31e280b93ec384c3a6e288827e1ac2b620c2afc387e2809cefa3bfc3845ec2b72ce2809ec38de2809cc38f69c3b6c3b82a2051c3812530202063c2a7cb99e289a4c3ba2044383ac2a15d5f20c385c2b6e28886efa3bf3131c39cc3a6c3ad0a2c742050c3bac3b1c385264e5de282ace282ac1a6ac2a8e2889a485323e288ab2a2bc2b13ae28891c3a5c3a320e2978a71cb86e28098207c46c3a720efac82c382c382c39be2978a38c3b87e20c2ab67c2b6303f32c391c388cb9b204a492bc3b1c2ab4670cb9d2020e280b0c38a6d5c3a772075c3af3570c2b1e28891c3a1c3adc2b84ec38b68c2ae435f5bc3bae280a6c2a8095d4d0dc388e28882286d75c2b5cb872846c4b1cb87e289a0e28098e280a0e280a2c2b0204dc3b1c3b6c3b60a4c20c4b1c2bb7ac3a15173c2a50a204c5ae2809a67c38a20c3b3c39349c388c38226cea9c3a5c3a0e280a64b34c2bbc3acc2b84c23c3a5e2888620c39957c3b5c692c3a84462c2a2cea9202320c2b17b20c2a85ccb9dc2b153e280ba20c2aac3b2cb9a2029202252c393627355cf806e6cc2b70023203bcb99006326202020c3b25ac3ac20c2ac6063c39424252020c3b64d65c2b620c2a120c39420c2a9c2bfe28098c6921a59e28098cf80216ee2888f4b7de280bae2888fe28093c5b8c3a220c2b4c39f2420c2b84159c3aa20c2ac4fc3b849c39fe28094204f407ccb86e28988c593c2afe280a1e2889ac39448c39820627d692023c38ce280bac2a7e2809a63c3ad63207072c39621c3a7c2a220c382c2a1c3a1e2809431c3a2c3a5c3ae2020c3a243c3bae28098c2b663c2b5c3b220c3bbe28886491a22c2b1c3a3cb86e280a6c39b4fc392c384547dcb87cb9bcb9ac3a56fe2978a3131e28882c3a0c3805720e2809ec5b8c3806f70cb9dc3b7cb9ac383cb992bc3990a47e280945e53c3a1c386cb99202043207ac3b6c3b6c2a7c38e0d203938c2bf584120e281843bc382c2b0e2889e653b4c35c2b5c3abe280a1c381c3a1c2b8c39138202424e280a1584909c3b1c3a1c3a1c2a7483ac5b8e28099c5922051c3a8c3804c0dc3943d7b205f7dc4b10dc3a6c2b8e2809a6b5ccea970c3b4efac81c2b0c3a120e2889120c3b9c3afc3a56b35c382c3a5c3ba0d38c3b838c389c2b5c3b44954c39bc394c2a725e28886e2889ae2809cc3b2e280a64c4120c3b6e284a22a20c384c3b120c38437e280a2c392204050cb9ac3b8c3aec38dc3b84b205acb87c3bce280a2e2889ae2809c5053c39ce2888f38cf80c2a8c2a520c3a1c3a3c3a4202020c3a7c391e2888f242425e280a2222fc39858e281843b3935cea9c3a4e289a567206fe280a65a2b4c6220c38c4dc3bfc2a565c3b33aefac81c5b8c386c391206e57e2888620c2b620734777e2888f7820c2bfe28886e28094c389c2b1c593c3ad40e28093c2a32030e2888620e28886e284a2c2a7c2af38e288ab20e2809c3d7dc385e284a22e2042c38f4b203bc3a8e2888f3432c2b5c3ad203de282ac26c3980a202067c3ae6665c2b738c3b9c2afc3b9e280a6315c20c38c2e51e2889166c2a9c3984bc3a7e289a0c2afc2b7c2aa20efac8120c389c3a0c3aac3a5c3a93fcb9bc3a4c398c3b825205e202dc3b4e284a27327c39832c39ac3ba24c382c59262c3b9e2809d76627a5620cb9cc3b76cc3a420c39f35efac81c5921ac3a1c2ac2071342d092025203147c3953e29c2a2e280b9c2b80a20e280935cefac81cea978202020cb8633c395e282ac7b58593c415ac3bae2898870cb8738c59233e2809ce280bac2aacb8731e288abc3b6e28988203ec39909656fc2b555564130554bc39231e2809ce280b9c3a520205120c391c3a1e280a2354120c384c2acc3aee280bac2ae293b42c3b129c3b34cc3bac2a8e2888f20c3b9e28099c2b5c38bc2b0e28094c3ba20c3b5e28886206acb9acb98c4b1352c4dc3a561e2889ee280a2c385efac8141c39c202620c392c389e2809970e2889a51c2a8c3a90de280a1c38fc2ac2c64c2a7655b6b2bc2ae292b41c3a774cb87c39c20c2a558cb870d003d2d75c2a9cb9be2889126cb87efac8234cb9bc3b8c38ec3956b44c3a2207ac2aa39c5b849c3a64176c2a72020c39bc3a35074efa3bf20cb86c3942b4256562020c3ace289a4c3abc3b1c3a6202020c39ac2aa57e28882c2a2e289a5732073c3aec2b64d722a347720c2bf6639551a3a3dc3bfe288ab7a223727573a2751c2abc3bf1ae282ac202035c4b10dc2b7c388c382205d43331a417de2809cc3b8c3a67420620027e28988c592c59220cb87c3bfc2b60053537364e2898845c2a3c393c2bb615cc3b520e28988e289a5c2b5e2809ee2888f3ce2809cc3a8c382e288ab2a4cefa3bf43c3a7e289a5c38ae2888f61202ac3a8e2809ac38ac3a253526420e2809cefa3bfe288862ccb9bc3a95f20cb9d205f7cc392235ec3a6c2af202fefac81cb9a204f20317b3f78c39c5bc383c382c2b4c2b8e280a0432d6d20e280a26fc2b152e2978a44e2889ec2a929c3ad6d2cc3abc381622020c395545564206a62c2a3c3882048c5b834c387c3b934c3a020202062e28891c39239c3b6c2b6e28094c385514c0dc3a7616dc2b72075c2b831205fc593c2b6c2bbe280935a532f2041c3aec3b25251c2abc381c3b3303532204f6b5b64c3aac38ccb86e2809d2cc3b3c2a7654256582249436765207ac38ec38dc2af795a68206b31e2809354c3a8c3936a207ae284a264e2809cc393c3813ec38620e28099c3af63c2aec3bb2068e284a2443b4151e288ab3720c2a14c346e207670c2a563206234e28099e2978ae28094c39cc3a6c386202059cb99e281841a52c388c2b1c2a920e28099c3b8c3b52c00efa3bfc3b8c384e280a1c38ce288ab20c3bccb9ce28882cb98cb99e28184cb870d202d3525c2afe2809d23e280a620c3b3c3ad205820c2aac38fc3a02065e280b92ee280a2c2b8c592c396c39632e280b0c381c3b361c394c3a6e2889a48c5933c003532c2a8c2b1c3abc2a9c2af20e2818420c39cc2a7cb9ae289a0c39ac2a7722b7b24242521c3b25953c3a752e280a0406328c3a92052e280a03c6c53c3b7c3aec3a92b5450e28094e2888620450dc2b6205d38c3bfe282acc2a1c5b8c5922009c2a1c2a120c2a93ac3a4c2abc2abc3b3c392c38fc6921ac3864e4c48c3a1c3bac593326e0d203ec3a0c385e2809a7c20c3b120e2889e4920e28094c2abc3bfe2978ae2888f2f205f7ecb86e280a2c6920ac3ad4ce2889ec3a6cb99c3937769c3a1c380c3a3c3b35f32417c4c66e2888fc3a833c2ab4f63c3ab6651c2b820c387c5b8c2b06120c5923f20537d7134c39820c2a27c7dc5b8243acb98c38f205420c383c3acc2b679e2889ecf80c3acc3a75c677ecb9b20207ecb9920c3a6c2b8cb9b4fc2ba78cb8773e28886e2888620c3b6c2a120c38320c3a8c2a2c2a3c386207dc3957d68c2a9e2809a445320e28184e280a62662c2acc380c39a204a402020c3bc40547020c2ba6dc38f70243b47cb99efac82200d3453c2b5e289a4236f762ae28099e28099e2809c20504a20c387e282ac372060c2a7c2a3207951cb9bc39926c392c3aac38c4f454dc3887e34c380c3a451c3b1c3b9c387c2a7002f447b392339c3bf207e4ecb86c3a063e280b02bc3954ee28988c2b73d2052c399e289a5c2b532c396c386c3a9c2b62020c389cb8700c2acc3b8c3b5cb87c3bc4500c38b092068712940e280a0e289a0e28886e2978acea95dc38d20206f4b47532061c2a12034c3bc25382cc3bfc38eefa3bf2026c3a323c3aec3a22338c3aa5f2231e2889ac3bb3dc396c3bfe28891cb872076c39fc393c2b02155e28988cb866d3be2889e49c3bb40c3aa67c389e2809920e28099c2b4684ac2aac3aae28099202d76e284a2c38b4a3bc3b176e284a2c38b60e282ac2e3520c3a120cb9bc2b55d20cb87c3bf2c20206d3d24c3a120e280a0c2a2602056e28184c3b5c392efac81c388e2809d787ec38a206e2f2c60c2a3c3b8202bc3bac3a4495909cb990a72e28094c3bbc3acc39cc3b1c2a82066cb8720c3ae2744432020c3853dc3bbc393c3bac3b2c2b62020c2b737c3b7c3a8c383e28099efac82e2809c64cea9c2afe280a1475cc2baefa3bfc38453cf80c2bf7857c3a332363f2f39c3af7e2020694141c3a07573412023633ac395e2809a21c2b62031e280a243343be2809d4343e2809c3ec3a17b77efac82e2889ac380575fe2809ee289a52f20e289885720c2ace2978a3fc2b8c3a25b372061666420c3ac7dcea968c39f392b2b2846cf80c3b2206ec2ae56c3b6cea9463a2059510920c38ce280ba2047e28886536b5d7dc391c2aa7bc2b0283d205534c3bb20202047c3a83125e28098e280a0c396c39a2664c38dc2afc38f207ecb99c38c4fc2bacb9ce2809a73c3b6c59365c2b6c3a86ec3a5e2809c204d7677305a5242c39ae289a4c3aa20c38ac389c3837020363120c3966964c3b1c3a524e280b02546c2b034332055e280a220c2a7c2b4c2a267c69220e2889a20e28098efa3bfefac82202d3559345c43c382202971efac82c3b8c3a36020e2978a57cb9bc2b4c39974cb9b2020e288abc38dc3a0c3a320c2ab207ec3bcc3adc387c3892000c3b8e2978ac2a1434c0925c2bbe282ac4f00c38f3dc384cea9c2a8c2b8c2b843c3a0c3a24dc39cc2bac2ba2020762962c3acc3bfc3892876272be284a2c38e414e49c3890d57c692efac82e288912ae280a120c3990d20e282ace288ab20c3a4206a30c2b02e3b202049207120c692c39161c3aa207265e2888f204f56c3a8e2809ec392e280a6e2809de2888fc2b5e2888fc3874bc2a3e2889a38e2809956c3a859c5b8612020c2bb415b7620c38dc3adc5b8c2af28e28886cf80205f20cb99e288ab21c593e2978a45e288abc38d20c3bb0037e2888fc3b4c3b648572ecb9ac3abc395c3b87ccb9d20e2888620c2b6c3bfe28098c2a3c3ba7046c3b6c3844064202cc2a9202ec2bbc39971c2ab20c3874e2020c39cc39cc2a528c2a5c2a746c2b02139c387c3840a41596c384a093059e2809420c39935e28098e2809ec399c3925378efa3bfe280a17d7cc2afc39220c2afc39c20c2afc2b7c3813fc392c38237c3b831c3bcc3b8c2bfe2809cc39922c3b5e28099c396cb9be288866624e28988e28886223b25c3afc3ae2d2e515fc3a042c2b6202067203820305bc38ee2809420e28184c3b223e280a6c2a120314e20482020e28988c385e280bac388c3bacb8620382acb863f20c3af327e76e2809ee2809e4fc3b8c3acc383c38c47c3bcc2b84420cb9920c59220c2ba23cb9dc3acc3b220c3bcc2a12071c2b1c393e2809ec38e58c3b9c3b9c2a361c2a8c38a6b33713025c3b640e280a167c395c38046616a20e2978a2009efa3bf6844cb9acf80c2a1e2978ac5b8205626c39c30787bc2b7c38fc3b81acb9b2020c387e28891c4b16f20c2ba652051c3872dc3a50dc2a5cb98cb9d6250c3ae57c3847d64c2a5c389cb9a20202009c3843d79c2bbc38ae28882c395c592e28184c3a1e280b9c38fcb9dc3bfc593cb9ac2bac2ba20202727204520256ce28184c383c2afe2888fc3ac742fc383efac82762e775120c3a5c2b5c2a5c2b76d61c3a5546f47c3ae67e288866054e28882202bc2ab2070c2b1c2b420e2889126c39c70677e2037cb9825c3984c4c6263e280a020c2b40d35c3b2213820c3a372e28094c3ae20c380c38a20c2a234c2bf2020c2bac3b9c2b14f202022c3a9c398cb9cc2b54761c3aa23205ce289a061200d2ee2809cc3a4e280a2c3a72bc2b8c38963e280a04aefac82202020c3a829e288abefa3bf3120e280a6525b3bc393c3bb58c2abc38e6b37efa3bfcb99e2809c455cc3946be28988444920e28184cb9859c38dc3ade2889a51c3b420c3a4e284a2c2a720e280982645c2a36d4f3ac3a46962e28988c388e280ba20cea97de2888f73cb9a093ec2afc2af7bc2bac2b8e280a12026c3a1c3a870c38ce28886335cc3a6c39a20c3b3c592efac82e28988c2acc3bf320a2020232a230d20c39231384820c38f494ec39cc385c3a432c2a8c3b2c2a1e2889ac395c2afc3b9c38c2ce2889ec593c5b82045efac812ec3bfc39466c3a8483343c69278c3a053e28184e280a674732bc3b2c3b9c3b2c3b3e280b046e2889ec2a127c39921c3bc7dcb9820efac817bc394335c663cc2b4c3b1552220c3bce280a025e282acc2a554c3b732e288ab7663726420c39b534b585d5c43cb98c3ab20c38fc3a32047e280a0c3b523423d5d20e280a1c38d002020203859c3b4c2a1c3bcc38ec3abc3855eefa3bf74e289a4c3abc3b6c398c2a9c2a2c2bfc382cb8720c384c3b84a20c2a15f25c3844056e28093e280a22cc3a07320e2809ec2a222c3abc3afc3b6c3a944203e2b2dc3b9c38e2048494c4162e2809a6e24c692c3944662422a52c3ad33606666c3962020c387c2ba602075204bc2ae5b3841c389c3826061e28988292044cb9aefac81204ce280a6c39a70c2a256c39c33c38cc2b538e2978ae2809dc3a4737d5d383f34c3a00dc3b7cf80c3853ec2a8c3abc3a9c381c38bc3a547c3a82044c381c3bb34e28098e2889e3132e2809c60c2b0c3a833e289a45dc2a8c3aac38a682a5dc38960c398c3a1200a7ce289a0c3aae280b062202bc2a275c3812e206c67e289a4505320c38e20c3bfe288825320c3946ee282ac0927efac82206ce280b97bc384c381c5936ee2809ec392c2b533c2afc2afc2b7207ccb99efa3bf203ecea9cb9ac3a0e280a12043cb87c2a16c0960c2b5c2aa23e280a26b36c2bbc2ac7c5120e2809ac3a3386f4f207acb99202b3120c2ab48c5b8203dc2a3c383c3997770cb9ac38acb9ae2888f20cb9c233ce2888fcb870920e280b9cb9a20c2b42b205070e2888f20c3a964c3b320e28886c592c2b84c52774c2072cf80c385e2809c680a434de28988c2b06c6648e2889e3643c39cc2a3357209c39c7c4f2764e28184c3b6c2a2c3afc3947bcb87c39363e280b9c2ba71203fc2b8413f43cf80cf804e20c2aa24202dc2aa7420c39f56c593e280a1c39acb98203820cb992026c39c26e280945ae282ac48c593c2b1c3bce2809439c3a5cb995cc3a5cb86cb9920c3ba397753c39a23c396c2b8c2b87949c3ab20c39b72c3ab00c2b13b22203ec3a93638c3aa2043093ac3912a5921c3adc2ac20e280a1c692c593c2b04de2809ec39fc2a3c386c2b8efac82c3a7cb872020c2b8c3816de280a6405256c383c3a7c4b1c2b7626b09205747c3b1207ce280bac3bac2b7c381c3930a3f20e289a420c2a1c38fc381c388093fc3b6cb9b002020c2af7879e2889ae2809c201a464626e28093e2809933c2bf26597520c3ba5c3c206069c3a9c393c3ad7d58c2a7c3a6c593e2809c202f3220c398c2a53661e289a0c2b40d6b20e289a0586e69c69242203328c3b53f5c56c3a520717c5f3a0d5274204ac2b85cc3ab2b2020c2b5c381c39cc2a53546c2a2c3b931e2809cc3b94dc3abc38266c3a438206358c38b6a424e5e095be280b0c3afc2b04ae2978a6f6464202dcb9920452075c388e28882c3a2c3b429c3a50d0de2888f2072efa3bfe2809ee2889120202f20e280a1e2889a6fc3a6e28988c389c3a8c3b8c2bfc3b94fc3b8e28886cb9ac3bc7ec396c3a3c389cb9dc2aee280a2c3a6c3b1c2b139e289a4c2a7285420e289a04025c39f34e284a2efa3bf0020cb86c38222c2aac384c3ae5754c384cea9e280b9c3b2c3a1cb98586dcb9c20c38d7bc39c50c5b8e2809c0a20e2809d4a2020c38ec3ab1a09c3bcc2a878c2a7c3a3e289a5c2aa33e289a450c3aac3abc3a93871c3952026c3a9c391efa3bf70c388c2aec38c681ae2888f643b4b64703233c3b9c2a8c2b1e2978ac3b56ce28093e28093c3a9757159cb9bc3b4203c79cb9bc2b1c39920204f53207ac3b65be28094e2898820c5b85157c5936a40376567c2a86f20c39bc3acc39b64c385454ae28988c2aec2a5c3a377c2a767c384c5936b46e28094c39320c3ae20e28093204539c2a86cc3ae64512ac3a4736944206944c3b4c392cf80cb9d20c6923fe2809ee280a1cb9c2057c3b820c39ae2889ec3b31a2ec2bfefa3bfc3bcc3a7cb873700efac817a202d7520c38fe28184cf80c3a3e28094510dc3b7e2809a2020e288866b2020c3a7c3a8c3a32020e2888620c393c3a5e2889ac386c3a5e2889ac386c3a92c2047e2888f393be2889ac380c395c3af60efa3bfc3ad7e20efa3bfc2b6446ce289a4e2809ce2809d45c3a0c3b420e284a2e289a5c3ad314300c383e280995562e28882c2b6c3ad4bc38a7ec38de282ac546539c39c49cb9a3d2520e28093e288ab3f2035c388c3a2e28098c38e70c3aec3967a21c593c38020c2a920c38ac3a0e289a53644c2a5c2b520c2a258c39276464871344620e2978ac3b94d75c2b0c2b4c2b4c389c3953bc3afe2889e534120c39ac3a4e284a25055e2809dc3910d274f435320c2bac2ac2fc2b0c2a3203d4a45c38ac393603cc3b8e28099c3893f7ec3a64520cb981aefac82cb9bcb8620efac81cb87c3927be280b9cb9dc2b77b3cc2b6c3b4c2bac2b17109c2ab2243e28094e28184e28184c385e280a2c3a83fc2ab55efac8177c3a13e60c393c3b7234c203f41e288913fc39c6a26c3af4c46e2888f38363ec3afc3bc39c38e20c2b5c3abe2809dc2bac3bcefac822bc2b441c39ce280ba5c262028c2a9e280b9c38b7bc38020e2809a000d5b567632522320313be280b9e28886c38a76c2bfc3a3c3ac20636e4c305821c3b92025c2a2c382c38de280a66b34e2889e77313334c3a9cb98c3924920e28882e28882e280a0c3b8cf80202020c3a9c2a1c3b766695d78c38520715431c3bc5fe2889ac39121764ec4b1c39ae289a5cb8677cb8649573229c2b651c3aec382654056c3aa2920c2b04ec3b1c3a87671cb99c3b8c38f2064cb9ae2809c50c3adc3b4402f20c395c3a442414a202065e28988e280a158692e4a73c3ac60c2bf662bc394c3adc389e288abc39a2ee289a4c69220c39c78e2889a2020202053c2a3c2a8c38cc3bfc3a620723be280b0c2b0c2a2c2a20a202053783ac3a420c3a4cea920c38dc38c43e28886c399c3873fc380e2809de2809920cb86c3b7cb864c2b4c7b20c592efa3bfc2b021767376c3a1206b532069c2a9323b4de28184cb9a37c2a10d38c592c3a220cb87c2a7e284a2c2b4c2a5206dc396cb9a50c2abe2888f234e20c3ac45c396e280a120c2a938c3bc7128e2889ac5b80ac2b156462035e2809d65c2b6e2978a41e2889ec3b436c2ac2c74c5b87c7d205ac38dc3ab2034e280a0e280a0c2ae2220efac81c386c2a2e284a2c3855d4ae284a250e2809ac399c2b471cb992055e2809860c692c388e2978ae2809d2027c395c39a71750d20c3b620e280a1cb86c4b13120e280a13ecb9bc2b8cb9d20c3b320e289a53e67cb9dc2bfe282ac20e2809ec3a34fc592e2809acb98c39509c3ba2061647b7d2027efac82c2aac3a8c3a3c3bc7ec3a9c3a1efac82cb9dc3a52734c389e2978ac3bc20c3a0c3a3772063c399e280983920202046496f376a20c2b4e280937dc2a5c3b16ec3b856cb99c2b5c2b1e2888fc2a91a20c39520c2bbc38277c3ae2020327ac3ab2036c2a2e280a140321ac3a4c2b83020c3a341e28099c3ab7c2024e2888623232c20c3a2c3a6c3932076c2b1c385c3b3e289a02020c3a420636ec393c2a774e280a06a25efac824b44e2809946c2b6c3a1c39cc39a72c2a9c2b7e289a443454c30c38828c3bf20c2ab26e28886605f4220cb862773e289a4e2809d52c3ab1a20c385e280b978e28094c3bf64c2bbc39a3370c38fe280933ec2a9cb983565cb983856c3adc380cb9ae2888f7dcb9cc3adc2b020c38ae28093c3a5c393c3816320205331e281842a20e280934d6920c38ec2ae236be280b021c3b6e282acefac81c2abe28099202046e288abc3adc2b0e280985453c3aec2a2c2a2c3bfc39fe280a0c386e284a2c3916de282ac7760c2abc3a9c3b9c3adc392e2809de280a1e2889e59c3b6c3b4e2889ae2889aefac8120c2b75e3ec3a0202066c3910d455a4420e2809ac39620cb99c2af512e7c2820c3a5c2b52c202020c2b03c2320c38cc2a7e28098c592c3ad42c2a52060e2809ecb9ce2809c21c39b202061e2809e4be2889acb9d7130c2bf20cb9ac2ae6769c2a7e280a6586b20e289a4c3a1207cc3a7c2b5e280a16dc2ae096f234dc2afc3b468c2a1e2978a54204ecb99c3a53ee284a220c3bf29c398c3a0e289a0c3ae0079c2b60d0dc3b6c5925d20c391c3a4c3b63ac3b5c398202b4ec3b6e289a4c3b6c3b6202020757568686b61c3a1c2a222cb86c393e282acc395c2b620c2ab7ac3bcc4b1c3adc4b129c38e20c3b7c3b3c2afc39bc3a84fc392e280bac2ab6b78cb87562befac81c2aa5ac3a32023c3b4e2888f38c3bbc3a820204ce2809ac382c3ac20c2ba78c3942cc39f7520c38ec39fc3a170cb9befac81394c5c5ce28988c399c3b42058c3b6c3b6e2889ae2809ac38b20263a20e28093293b467928c3b320c2b0c384e2809d2ac386efa3bf52c592c3a77dc2a73820c3af20c2b8e2809377c3bf2023323f74e280a622204120c2b06d6c20233320c3b2c3b6e282acc2bfc592e28184c3a920efac8220c38676e2888274efac8220c38b68c38c4357e2978a20c39cc39c2050c3b2c2aa20390971c399202038c2a56f20c2a3c3933ec2b6c3aa2029e28988e280b0c39f252320c3a1e281844cc3a8204640654520623fcea9c385c38fe280a15e093cc38ce28099c2ab30c3bfc3b7c3a5c3abc5925629cb9b20e2889137c2b0c398c3a2e280a1e289a02d47775d203ae2888f20c5932b63202f204de2809ecb9a67e2809a00c2a1c3aec2ac2020e280a1c2b7206be289a4e2888f204de280a22041c2b0c2a7202f2061c39fe280b92ec386c3a320c2a954614ac38ccb9c7272c2b6217543c2a82020e2809ac3b2c692622020c3ab4c09e280b92020c3a2e2888fe280a02044c2af2020e280b93f2041efac81cb9bc3bf74c3a5205f2622587c20c3a4e2889ac389c3aa20e280a1c396202f57e2809c22203ec5b822e28184c3b72021c38ac39cefa3bf32e28098c39cc3b5c3bb265cc4b134e280a1c2b6c593e280a2c3852620c692203cc3a04a7525204e3bc2b5c3a532c2a3c2b6c2b04120c2ae284dc2aae289a4e284a22ac3a7e280a120cb99000d686be2809d2070c39a752820e284a27c4cefac82505f7acb9b207979202064e2889ec3883fe289a5c3a6667dc2bbc38a3fc2a1c3bcc3b8efac81c692c3bcc3b8e280bac382c38cc593efa3bfe280a6e2809d095cc3b9e280a6c2a1e280a2c392e280ba3837c2a520c5932ee28099e280a1e28094e28886317cc4b1721a20efac82c394e28988c3b9e28099323e67203f7e7e2037c3b12070cb9c6c35efac8120e28882c3a0c39bc38ec3a7c38bc398c39544c3a32cc3b4c383c3aac385c2a9c3b40a4c20c3a3cea9c384296c7a305a2020e2809357c38d4ac388c39be28988584500c3b11a22e280932dc3a3c3ad4ec394efac82c2b6e280a0c592382d7e49e28099c3b1c3a9e289a020676d39387bc2b0e288916f1a27c593efac81e28886c2a9c39b2030e288917020c2ab572fe280a1c2acc38220e2809c202857c3b220c3865ec3a6c3a35be2978a20e2809acb86c3a7473820c38a3220c3882be281846a6b2920e280a2682420203bc2b55657c2b0c2b4c2a92020c3b9c3b9c3992020c3a5c592c389c3b22020e2889ae28184e2809c2a36c5925cc2acc392cb9845c3a5cb86c2a563e2889ee289a5202d35c2ab70606f36e2809ac2bb5271c2b0cb9b4820204032412576487932c592c3b520c38d4acb8730c399c3b9206dc3b1e280b041c385c389c2aec2a2c2a742efac8220cb9b45c2a220c2bac38fc38cc2b76c6109474b6be2888fe282ace28184c39be2888220c387e280b9e280b920e2809ec394c593c38bc38dc3a850c3b64651c3b5c3a422e2889ac3ab20e280a1c3a120c3b6c2a244e288abc39528206bc3915ac3a3e2809de280ba0dc5b8706d3832e282ace281846ac2b44b2075e2889ec382e288ab2035e280a6c3843ae280a2c2b6e280a0c384c3b9c2acc3926fc5b8c38520c2b17629c3923e4ecb984e46c3ab2d3b766120c4b14ac3b47ae280a2207e4a2548202074e280a6201a6420cb99200d4dc38b1ac38be28094206841c3bb684ec2b0c3a2c3ad20c2b7c3a8c3b3c2afe2809e77e289a4c2acc394c593c392c381c593c3b3c392c38177c2ab09c39ce282acc2afc38cc381207875c2b42077e2978a4a70637e20c386c383e280b0e2809acea920c39520537ccb98efac81203e7ce28093c2abe2978a20c3a4efac827ec2a764c38320c6926a772cc3b364c3a7e282ac6d34cf80c39268c3bf63c3a4c388c3b6507ccb8664205fc3a65ac2bfe28886c38f21c3a557203320cb9ac3ac09c2b8315ac393c3a8e280a6e284a220c383c3b74560cea93b09c3abcb9b36c2afc3816679c38fe280a174c3a22078e28988cb98c3b2e2809ac2aec38f6dc3a420e289a5c3a7206620c592e2809ac3b7c3b9cb9c71c3ac75c38ecb867be2888f7ec38c20c3865ee288abc389c3a7c3ac20c3b4202ee2809ae2809acf80c2b4e2888f72c39236c3865dcf80c593cb9a6fe2809ee28886e280997be2888f7cc39226c393e280b979c3a94b206ee280a1c399e2818469c3ba3b79c3bbc380e289a552c39bc3b320c3b120c392c3bc5b27c2b6707c712033c2a3236420c392c2a3c3b220e2809de2889acb9d583fc3a6c3a4efac81c59220c2a537354bc3bbc382efa3bfc385cea9c2bb66744e20c39bc39f21c2a5c3ac22c2ae20c3b456c38f21c3ae7c20c385e280a0c395c2b733e2809937c384c3b4c386204c75c4b1c3b442c38f604f3020403859c3a4c3a377c3bfc2bfc3ac20522a47276ce28184c38ce2809ec3a720716cc3bbe289a020c692cb87777236e2809cc3a1c3b9c3bb20c2a838c2a1c38ac3b6c2a774355568292941c396e2818423c5930de289a5c3b9c3a0e2809de2809ce28099c39cc385c3ab20c2a5c399c399e2889ec3ac207020c3945320e280bac3945256e2898856c3874350c3b82020c398c2a9c395e28886c2b40ac3acc2aec2bbc38ac3a3e2809defac82c2a5c2b0c2a9c2b420652043c396e28891e28099092063e289a4c391c3a7e289a020c3bb3ecea9c2ac66e2809c20c2b821e280b041e2889ec2ac7b20e2889a55c38761c3a7c2bfe2888fc3a13f7e7bc3a54fc3bc4fe2809ec2b746396ec398c3b1e280a1c388c3822ac2b8c399e28099797c78c39820c3bc3c20cb9be2809a73c2b8c39acb9d2de280b93821e2889ac3957520c393c3bac386c2bfc4b1c3af32c3876237e28184205863c3a6210ac3a82fe28099e2809ee2809d207378cb9d682067e28886c39b3055204a002061c3a4355320c387cb98e2888620c3bac38dc3a9c39fc3ab20c2a1c3b7200ac3bf26c39fc2bbc3944bcb9dc3af53c2ac76204220e289a4cb9cc3a8e289a0c2aa20204f79e288ab78206b6b20204bc593616dcb9834c3b7204f605dc2b8cb9ae280a1c4b173c3bf387120c3814f6e20202020c3a9c39bc3bf38c4b1c2b62ec3b9c3b8c39c203720c3ac29c386e280a1c692e2809c71c387c2b72cc3857253e284a2e28099cf802520e28882374bc3ad20c3a9e280a06ec2b6c3a1c2a9202cc2ace28886c3a8cb9c76607d79202757cb983756c3a920202068c2b6e2978a39e289a42f2079c2a9c2b148c3a80926c38c7bc2acc385265cc3a93e4148c39138c3bbc2a1e28098e28093484a20c3a4c2aac3ae68206d606d614579e28882c3912dc3b34e20c3873de2809ec2a33dc3b32036e28882c3bfe280b06b6b2027e288ab4c2b36e28099c3b2c3ace284a24727c398c395c39ce284a2e289a4c3883b49c392c2acc388c394c2a7c38ac2bac2aa4351e28184201a3ae281847076c2b1c396203520e289a5c2a5c385484320385626707634677335092025c2ae71294f36c3bfe280a6cb9ce28184c2a120c2a2203ec3b2cf8009c3a54c2025502020c38bc39b3d2ce289a04dc2b0c2ae2cc3a8e2809ac3ad3d6cc38acb9cc3ad59c2b84332c3a520e2889ac3bcc398c3b2226ee2809ac3a85f204ac3a7cb9bcb9dc381cb9ac2afc39ac389e2809ee2809cc4b1c3b5efac82c3b8e282acc3a86f3f3ec3a247c3812bc392c2af7c20c3bc77c3a8e2809dc3a6c3a54bc3a3325c3bc592e280b920c2b020c381c2b6c3a470c2ba2b2020c3823ec2a720774ce289a5c5b820c381c3a4efa3bfe28988cb9a737c7d20c38ae282ace2809ac3b4c3a54231e2978a20c39cc396c38a202ce288914663e280a23d2043e28099e2809450e280a2efac827977c3a32020c2b14b62e2888f2d722020e2809dc593207e67c2b7203a201a31c692c69230efac81e28099c3a9e280a6c3a62ec3830dc4b161c3a9e2809dc2aa3431c3a9e2809ee2809de2809d58c3b9c3b4c3abcb9bc3b8e2889ac388c38235c3ba64e2809d4fc386c2a849c3953fc2aa7e202048cb8767e2978ac5932020c387396ee280a1c2b8c5b8c3a338e28988e280b03331e28093c3896120c2a1485720c2a36825cb995bc38e2920c3b92020405ac3886bc692e28988c383e284a2c69279c3a820e289a471785f2a20642662efac82c3935864e28988c3a12329c383c3b3c2b1e280945c3ae2889e6520205a69c3b3202074c396c2b120c2ab30c3a0206d20e2809dc39fc3b4c2bfc3bfc3bf20c38a20c389c3af25c3854176e2889e2320c3ba6cc38ce2889e496520c395e280b92e65c3a65020c38de280982071202439c2a25fc2b8c386efa3bfc593c38cc2b8e2809ac2a745256d71c39ac3a32520c2aee28988e28886e284a240c593c3bf201a7acb99c2a74a35efac8156c2ab20206520206ec39468c396402027c38bc3ad55760a5960e289a5204859c3b6642063207d20c3852ec39fc3a426c3adc3ad20c3b2c2bfc2acc3ad20c59254c3bc20c2b0c39174e28886c39f37c39cc39235cb9bc2afc3823e7ecb87c3923a20205b20c2a120c3b8c3ac20cb9bc2b8c387c4b1217ecb99c38a0a3e7e3ac3a32020c3a97339c38967575b70cb9cc2a7c3a520612077c59220e2889ac2a9c3ab7dc3bfc3b22ec692c3af2020c3b72073e2889ee280b920c3a8354ae289887c7d20e2888620cea9c2b1e280931ac3a2c3b3e288913bc392c38c47c2b4e2888f305bc3a5cb982020e280a03dc3b620c389c396c3b1682cc2b5c2abc2a3c38a4820e28882c380092026246e20e288826ec3b3c2abc38ae2889160c3bfc3835250e28094c2bfcb9b54c2b1206020c3a9202e40cb98c2b03c54e2889ec3b620597bc388c399c3a15ae284a230e280b95ac3a7c3abcb867a4cc399c2a5617e6cc3b2203fc3a1c2b5c396654ecb861ac5922020c3814ec3bbe2889ac5b820677066c4b124c5b844e280b9c3b8c3876571614f4ecb9ae280b9c3bf20c2b6c3a1cb9931e2809ce280bac387c2b7c39356c387c2a20a4d64c3843a20c387c3adcb9d2042204d69e28882c399cb9cc3800a726826e2809dc3ab4930e2888fc3bfc3b2e2809e5fcb877a20c394c3a6e289a520c39a3be280b0e280a0c2a1c2b75355542620c3a560696220205373cb9934736e7b2058c3ad212c09204b20c2acefac81c3b720c3b57ce2809a72e2889e59c39520c394e2809c20c2a968c38ec2acc3b909c2a1e28184efac8120e282acc3af35c2b14549206a3ac2a76e272078cb9831c38952c3a8c2a5c3b2cb9837c380e289a5c392e284a2e2809a20204d6c5752c2ab562042c3856c62636720732026204d4d204320c2aa682077e2809430c3b6c3b620c3ad31c3a5c2b049c3a8c2b046cf80e2809320c3b3c3853335c384c2b0c3925bcb985053c3875fe280a03bc38240c3b245c3ab203e220020c2b7e2978a6f37efa3bfc39bc3b327efa3bfe2809dc3816bc2afc382c3b54bc2afc4b1c3a15bc2afc393c39b0d7c4c23c2afc2b7e2809e207ccb8662c3a200c3b2c2acc3a75520c393c3b9c2a9c2bfcb996036c3b13a20c2b1e28098c3afc387c2b5cb9b202c75e2888671e2809ce2889a31c593695f6c0ae2889a54c2b5202e4cc381c2b720c3b6c38320c3b838c3a7cb9a205558c3934ac2ac427b2cc38a20c3872920c2ab645d34e2809e6130c5b8c3aac395efac82e288ab205be28891cea9c2a9c395e282acefac81c384c2b75f20c396363537c3a3c3ab702075e288ab3853c38f20c2bb7c20cb8720c38c67e289a50ae280945529435fcea9c2af35c3992820c2a320537de289a0c3b2c393c394c692e280b9c2bb2020e28886c2abe2889e4ce28886383e3bcb9ac2b62020c2b15c212020e280a626e289a5c2a3e2889a52c395c3a52061c2a2c3b8c3b56068e28988602020454b2d3ac38e2be2809344e280a6c2ae203bc3bcc39ae2809dc3ab2020c387c383c3914878cf8038c2bfe282acc395206a6cc2b8efac82cb9bcb9b4fc2b8e2809ec3bccb87c692c3b8efac8179c3b371c3ad3ec3a160c3b7e28098e28093c385c2a9c2b1c3b434cb9d6620c387c385c385294cc3832c616d6d4f597662c593c2bb20202139e28093c39ac395c384c39c4720e28098c3836cc2b065c692466ac38ec2b7207920c2bb20cb98e28882c3a97630c2b5c2a5c3aa1ac3a6c3b9e28891c3afc2a574e280a061e280a02045e289a4c389c3bac3a42676e284a2e284a2e2889ac2bfe280982036202030623c542220e288825156e28882e280943c6e5354c2a2c38e56c2b6c5b852c391c2b12059e28988c2acc3a0c3ab51204a64202d7d20c38b20c38e49c3a6414b4fc3a3c2b672275656262020c392c3a3c2a760c39cc3982420c2afcb9dc39f5b4c20c38ec2afc393c4b120c3a67935c3a7c3985fc395e2809ac39bcb9c66efa3bfe28094e2809e697ccb9972203f7e7509cb9cc59220e2889ac382e28988e2889a6c7cc2a2e28098e2809359c3b720277ccf80231ac3a320c2ac744d00c38a1ac3877065cb9b203e7b36c3a45fc3a6efac81c2bf77c3bcc3bac2bf6d32c2bb224133e280ba20c389c392e288ab702057c39661e2888fc3adc384c2a9c3a8c396e289a5e289a03ecb9bcb9bc3986d642020c384c4b12ec38e5f20c39cefa3bf485ee2809acb99e28099617ec2bb20c3b3c38dc380c59340e28099c3ab3c26c3ac2026c3ac2368c39838c3a5c3bb6a20201ac380256620c38e24207a5b30e280bac2abc38d6de28988c383402025c2a720c3a3e2809e23e2809cc3852cc380c3ace2809e64c38709697dc3bb4c303b3ac391692066c3a45233e28094efac8225e280a2c3a1614ae28988605b203a202bc3966720c3b3203c4c20c3aa4c3970c2a532c38926e2809ecf8020e28891cb9ac38a77e28891e280a16f20cb9a20cb9bc392c3a820c2b7c3bccb877cc3a1c38fefa3bfc386642035e2809975c3b4e281842060604859e2889ee2889ec2b63458202026303432c3816d5bc3bf3be2888f62e2809d3fc3ae0dc392c3a9e284a221366bc3b260c3a3e288ab20362bc3adcb9be28988492ec3b6e288ab707277c39cc3a3c2aa20c4b15ec3a15ec38466c3aac2bbe289a4e280a1e28098c2aa7bc5b8e2889ac3b2c3accb872ec38244c38553c394c38a61202020206c2600e280b020206d26203b204b20c3a229c3ae7574e280a0e28886c3b268636f2043c3a64651535c4cc389e280a131e2809cc3892063c2a90920c2a2e2898844e289a479cb9a20202020c3bcefa3bf204bc3bacb9aefa3bf207ecb98c2b7c3a964c393efac81c2aae28099c3a75b34c384c3b3c38ac3a338e28094cb9a716e2c20c39fc3a1e289a5717ac2a800cb9cc593374975cb9c5c2020c3bfe28098c3b46620c391282ce288824761e280a2230a33c2b5cb9bc2a800e280b9c2b7c38ec3b87a20203f7c7e20efac822020c394efac8220c3aa3cc692646334c3b520c387c3abe284a250c3a5e28099c39161c3ae35e2809d20c3a7e2809c20202620c38d2d274a48e2889a566e5045c387e282ace280b9c3bf007ec59236c383c38ac393c2bbc3a520c3b1c2bf502a2e5e7130205565cb98c3ae2020c387c3a5e28093535fc3a9c2a1c3b75ac3a5763561c2bac39f20c3ac20c2a1206b6ec3aa4020c38d66e2809d20c5b8c2b851c2a84c4ec3aa0d20202042c38461717cc3aec2a8314cc3a2c38b2520202fe28988c2a976c38cc3a5c2a164c39176204e3dc382474842496e2acb86c2a7c692c2bfc3b2e282ac5ac385204c204420c387c3b82046c2af20206cc5b8c2ba0d2020624d0d5dc2aee289a5c39fc3b65acb9964682b09204226c383c383c3b22220c3a3376de2978ae28891e28988366d336ce28099606355c4b1c3922f202dc2b86dc2b4207dc38429c387e2889a20c2b720e280b0205b376728e280932728e280947028516f76c3920dc382e28098c2a521c398c380093732c3ad2041c38f2eefac8145c2a9c3aa5351c3a1cea9c2b43d22c2a37cc2b7c38dc38820202041c3ae3c2542c2af20554d35e288864a6526202620c2b620754653654dc392c3b220c3bae280bac38cc392c4b13722357c495fefa3bf203f7e7d202fc39474322920e28988c3b95332e280b93d23e2889ae2889a2035e2888fe288825cc39c20cb9de280a6347620c3bac399402ce2888244e2809ac39a7c204ec3a82063e280a26f204ec3a7c393e289885a6f20c5b82020c2b4c3b951c3992035c2afcb98c38e73c3aec3b320c2afc393e2809d757cefa3bf602020c38a2061e284a229c3b6c39520c2a120e2809de2889a54432065212063e28099c2b0204224272f20e282acc5b8c2b8c3955bc38220203928c3ace2809920c3b4c3b16cc2bb7a6ecb86c39942c393c3a9c3a0c399754562c3a02fe2809c09c3a03c20e2809ac2bbc3bb543649c38f20c3aec2b0cea9c3860a7d6dc3a7347ac3a720c2b520e2809420207736cea920466f20c2b620c2aa3137e281844f39202123e2809360c5924e62657ac3bae28891c3a109c391213e36c384c2a9c2a12e4cc399c2b54b40c38b6dc3864220e2809ec2a720c391e2889a2050e288ab2f207b76c2abe2809dc4b15b42c3bb494d345c00c2b7c3b8cb9bc38ec394cb8720c391c39578c381c3b92dc3bf46695320272ac2b4c38ee2889e202020e280a22be2978a58c3aa0dc38fc38fc3ba606bc381c3874d3bc395cea92067642039206bc2bbc3885b62c2aac38639e28882682020201ac3bf20cb99c39fc3ba0ae2888269c38d43c3a71ac2a3c2abc2b8c2a94c20c2bb20552ae288ab20e2889ec2a7c3b37060e2809d2dc38c2cefac82c2af20c38ae2978a6dc3a4c39920c2a72a5d435d2020c3ac59447c2420e280b0c2a95f720a0a50e2809d5025202020c3af20502328e280b055c3af2420286ac2ae40efac824420c3985fefac822020c3a6c3adc3ade2889a2f3f5cc2ab3720c398e2809ac4b1e2809e613cc2aae28094424d3fc3a4c2b4c380e280a2384fc3b93f35c3b6c3852020e280a658c38cc3a7c2a3e28094c3a3c2bf4c7d00462ac2b831723420c2a3c2b5c38820e289a0c3a4c2bfc3a2efac81e280ba7879c2b4205f7de2888fc3a4c593efac815fe28886c38e27207870c2a90927c2ab2060c3bac3a720c2b40de288862020e2889a24c3a7e280b024c2a1302140c2a1c3b66920475f7920e280ba36c3ace2809c3fcb9bc3a277efac82cb9d2037c399c3b8c38be28886efac82e280a209e282ac20552520c3a020494dc39975616f21c3867866c3a3302037c2a746c3a1c2a368c394c3b5c2b4c592c3b75520437320c39fe2888fc2b020c3b9c3a7c2b5c38b6ee284a2456f6b20cb99e282acc38d2540c3a520205364c39c69c3b168cb99e2809ae280b0efa3bfc3b5c3b61ac3ab6a696a5420c3a420c39ccb9b2046c3807ac3b6e28886c2a3c3ad69c2a822c38ec2bb0acb9c624f6a3cc2b83d5d2020c3b4c38d28205be288916ec3b340efa3bfc3bcc39aefa3bfc3933b5bc2b165c38036c38f64c3ade2809dc3b731c391c3a9c3863120c3bfc3a0726c20606020434373c3bfe282ac3b2020c3b13ec3aa3373c3afc2bfe2889ee2809de28093c3b14540205861c3a1c3bb3936c2b45336c3aec2a5efa3bf203921203aefa3bfc392cb9c466a6a202c5dc3bae280a04920c3b6c3b5202033204b6c51e28094c3873ec2a3c2b0c3acc3b52d2c6dc395c2b1c38920c383c3b2c2a52fc2ae2020c388742741e2889ec3ac2c20c2ab7545c2b15fc387c3bb40c396c3a7efac82e280a2c2a8482650c3852037c38dc3b75d72c3a04dc3a520206820e28988c3a6c391efac82c3bce2809ee288915fc393e2809a7be289a4c2acc2ab2f66efa3bfe280b04620c393c3ba2bc2ab751ae2889a2b4b2520e2889a3ec3ba1a4ec382e280b02020c3bacb99cf80c38a30c3a557cb986150c38a2059c2ba20c39acb9d34e2888fc393c3a3cf80c2b648c2a80dc2a7e2809d4320c2ac0dc2b120c2b7c2a820e28891c59355e2889e2a71cb9a6c202e335dc3ba1ac380c2ab6c732cc39cc3a9cb9963e2889e42c2b8c393e280a1c3a3e280a6e2818430c3bfc3b6c2a9c2b7c39420c2acc3b12dc3b5c2b179e289a5c2ae77cf80c2a1efac82c2b7c3adc4b1c393c2aac3bfe288ab6520766ce282ace28886c692254f6068c2bfc39c5e2a242020c5b8c388cf80282d7a73c5b8c2b7c38dc2a3c2ab5077c38f28c3b6c2b4c3a8c2a2e289a0c386c3ad4c71c3a5e28094c3ace28094c3aac3842065c2a220c394c38ec2bf38202d40313bc3b7c3a8c396e288916058c3b6242058202033e2889a3d20e280a26920c38d6c444f7325c38d692065e280a220484fc3a0c2b64974c39c20cea9c3bfe288826d72e2809cc3ab46c39a3b7749c39a20c2bf20c2a761c39bc38ae289a0c2a86d34c3a90a50c39f3cc38b1a5848c381e280a2c38dc3a06b612020723b200920436cc3ade28891c39ac2a14e7320c2bbc3b43a63c39fc3ab20c38560c39bc2b6202039204bc2bbc38859503a4cefa3bfc3a9c3a420efac8161c3aee280983234c39ce284a2c3a93ec3acc3873ac2a8692475c395c38325c5b8205ec2bfe280a6c39520c3a9c386e28882c399092a7c5cc3abc395c3afc39f29e28098c2b6cb9820c2ab3be284a243c3af522076286de2809ecb9de2809ac2b1c3b9c3aec3a15dc383c38e2020c3b5c382e28882212cc2acc3b340c2afc3854078c396efac827ec3a6c3a820c3b8c2aac3a52f3e59e2889a4734c3a1c593c394c4b1e2809ec592c3966a5c3e2ee2889acf80c5b84220c2bf5ec3ba204ae2889a0a2560e280a22b20c3a3e289a020c3b2e2809ac391cb9c2071e2889ac2b1543320c2afe284a2c2a269c39820c2b6c2b4c2b871c3b5007876c2a309202e20e28988c3afc38243e2809c20c39f20c3812bc392c2b8462b5e304ac3a677e289a5c3b9cb9c20c2b6c3982031321a27203765cb98c386e280b9c2ae5bc3b4203673236ee280a2c388e281844a20efac81c3a95d3bc3b4e28094c382c382c2a7c38a2bc3947a73c3adc3a220c3b3c2aa76c3a4e280bac2aac39a50c2b039c3b7e28094e2809cc39c2035c3bfe2889ac395206121c2b048494cc3adcb9b49c3a2382b49c38f20c2a86523e28988c3b8e2809ac38c69e284a246205962e2888fc2b4c3b4c388e280a0c3b4c3846820e2889a206cc2b8e280b9c2af206b00202043c3ad67c3b2c2b0c2a120cb9c2076e2809849cb87c3935f76e280b0005262226040cb87c2b5c3964c207e6c5225c39be284a2733b2b20202020cb9bcb9b20c3a2293620c398e2889ae28098c2a324c2bac387c3b12053c3a80920e282ac42e288abc3bac3abe289a4e284a220c3acc3b5e280945b20c3b2cf8061c39fc3a223761a5322c3a5c2bb0a2c790920565209e280a6c3aae2809d2720744cefa3bf2f555de289a420202ac2a3c3823fe280a620c3b577c3abcb86c3a2c2a5c38c206a30e289a5e289a5c3873ec2a9524ec3b9c3a7e2978ae280b0e28098c38ec38dc2bfefac81e280a60ac38d3ac3a5c3b420e28886206ee2889e2d7272c3bfc2acc3a7e28882c3a7206dc3b5c2b84eefac812720355520c3b2c38d28e2889ae2809d5220cb9c6fe289a020203fc2b7c381206ee2809ae289a5e2978ac380c2afe280a1c5b8245e3fc3b5c2acc2b427e2809e78c3926000cb9c2ee28099e2809a2ec3b578cb8762c2b534e280ba20c3b420c3b13a62315620c384c592e2889a4e682fc2a5c2a1c3a0c38320c396c2b0e28184c3aac38c36c2ab54cf8037c5924fc38ce280a239c38fc2bfc38ce2809dc3874dc3a4c38b27c39a70c3816420c393c39bc4b1c3a82ee28093776c707951c39c57771ac392c2b7cb9d20c3ba20e280a6c396c3a720c3b82023c3bf2ecb9820e280b9c2bb3bc2b0c2a8c2bf26c3a33dc2a76cc2a5c2afe280bacb87c395c3a9c3b637c38120c2b8753ec3873834e280bac3aaefac82c5b8c3b2c3ad21c3b17ae28184e28184e28093c2b064c3a4e2809ce2978ae280946574236be28184e282acc2a1e2978ae2809d205121c385c2bb4e4d44495e20c692e28099c38bc38e20c3a9c3a9e288abc2a364c3a45a69c38d47692c2745e288abc3b2c3bbc692c2a9e2809955c3ba585ec2ac20c2b834c38ae280a6206334c3abc382c3aec3a1202f20efa3bf20204071c3b1c3ac1a34c2bb4a3a5a5ae28093e2809e50c3a43dc3a32027202033c2bacb9ac39356e280a6c394c38f5250c3851a7dc38720c38520c59249e280942320204dc2a8e280a220c3af25c3a8e2889ee2809dc3916c60c38fefa3bfc394c3ad3721332040c2b82020efac8100c2acc387c3ad61c3a4c38cc2a86de28184e28886c3992020c3bf4ec39bc2b14d55205b694644c2bacb9920c2a9c38b5d22c399c3bcc2a7c2a32052c3b5366fe280bac39c7778efac82c3b8c2af61cb9b29c3a4cb9ccea9433ac3afe282accf8020e28184e284a2c39ae2889e3350c396c3b8e280a236c2a220202063c398c389642063c3ba5ec393c2acc398c3aec39620c3b8cea9c3875f20c2bac3a25f20e288abc385c394c3b2cb9ac3b8cb9864205f7ee2888fc3a54f5ec592e2809a2b3acb87c3a8c3bb4f607d28c389c3ad20403acb9c4077c3b42041e280a1c3a7e280a2c3b130e2809820cf8020c2bf54202520206839e280a1c3a0e2809ec3b9c388e2888f7942c39cc2ab571a6840c2aaefa3bfc5b87be2809ec2afc2b8e28988203e2039c3a74fc3bbc3a8c2b7e2809dc381c2a3c2afe280b0e280a620c3b1c2aa77c39bcea97cc3aa2044c3a2c3acc3acc3b3c2b64cc3a772c2b646c2a3c2b4c5920de289a0e280a6c2b66a20e280b0c2a2cf807ac2a22000e280947420206dc2a9c692e288abc2a921c2a3e289a4c2b1c2af67602c2023c3b2203120317220c3a1cb872024e2818420e2888620e2809368efa3bfcb9d45c2b8333134c384c3b3c2b4332063c2acc3abc3bcc3b52ee280a64a5f772066662071c392c39a205ccea9cb9bc3aa7520e2978a6fe280b9e28988e280a220c3b32466512328e288916fefac820975357e2e0d4d6820206f20c3ace2978ac2b0cb862048c2bf20c383204ac3844100414353c3a84030c39ce28882c3a6c3b4c6920a4620c387c2b1c3b42dc3856046e289a568c38d422620c3a520c384604f20e280932f203020c3ac20c3a56c58c3b7c3ae0a4bc38fe280a0c3abe280b94e56c3bfc2b663c3a5e289a020c2a1205520cb99206d6cc2b64750626270e28098e2809dc384c3acc3861a4ce2809976414b4120c3a4c2a7e2809d205b37633b6bc2abe28882e289a05024e289a0c38dc2a9c38fc387c2b5c38632c2ba4d352061c2a3c3a378203d2439c38d23e28988c5b800c2a96ee2809ae281844c4a28c395efa3bfc2ab375f5fe2888620efac825ee28886c593efac825f27206e4960c2afc3b452c392c38020572820c3a8e280a61ac394e2809ee2809e6720c39920c2b0c3b2c3866144c2a820c69224656040c38ac3a951c38761e288abc3a94e3e502045213a64093b20e280a65cc2a7efac8220c592c3a9c3813131c3aec2b72a25c38a0ac38ee281841a7de2889ac3b46ac2bac2ba3fc3914be2809cc3b8267447c382205720c38d6942c3af0d2020c39bc3982020e28093262074cf8020c4b1c3bc2c2040efa3bfe2978a6d637d4634364200c2bfe280b9c2af4dc3a27551c3b126e28886e2889e3133c3852dc3b453c3aec396c3a221efac82c3a3c3ad2b6235c39f585949091a641a3d5d3dc3bfe28184e2818423342c1ac5b8cf80c39628c3986ce28988c3b4c3a3cb9cc392e280a1cb98c38178c394c4b1e2978ac38bc38e20c3af2045e2978ae28098e2809322c2a3e284a241c3a12ce280a0c398c39f47c2a920c3bf20cb98e2889128c5b85656c3b7e28093c3b7c3b7cb9de2889167205e4155c3a7202620c39151205ec2a1c692e280b92066c3b1206fc395c2a2c2a9c3aac39ccb87642020c2a1c2af0d2076c3b6c3aa20c3a5092043212020206965c2b4c2b6c3bfc394e280a0c3a3c3957c5320c38777c3af0920635dc2a73bc3b521c389206f67c38460736d781a69c2bfe2809940202e206a703554c396e28891c3a23a20c395c2b5206cc2b0c396302b204459c38e22c3b756200920cb99482020e2809a5951e28882e281844820e2889ee28886c2ab20c3bac2ac20c3b8efac8161e280bae28988c394c3b8e280b9e288866f3f5dc381c39ac3b1c69220203fc3bcc692c39b5b203831c3b220c2a52048202061c2a2c2acc3b5c38ae2809309e2889ac2a8c3963a3f20272bc3aec39fc3b2e280a025c59320e289a5e280997e586a0dc3ac22c39f78c395c3a2c2a174c2a8cb86e280a261c2b13320332dc39220e289a009c2ab4ce282ac6ec383c2b5e280a2302d20c2a1e2889aefac81000a4ae280b9c2bb6ce2888200c3846020c2b1203b6dcb9b20c2bfcb87202062cb98e2978a6d23cea937c2a8606624c2bfc2bf25e2809dc3ac29c3b326c2bac593e28098c3b269c3a371e282acc3b660e2889e3137c396c3b9e280a220e2978a09202033c3bf59c3a220c3826b206b73337a2033c38a7c20c38b2020c39a73c3aa39e2888fcea93dcea9c389515ee280bac39cc2b4775ee280a1e280b0c5b8203856c5b8c384234764707176c396c3a2c2b131c3a5202060c383382f5e67616109206b3b58e282acc3bfc392736be2809ec39420c38700e2889ac3b12d3b2020cb9920612059421a202036e280a659e2809323c3b2e288abe289a5c2b74e6f4020e2809cc38920c387cb8720c3873c6bc3b36020c2b16e2c64c2acc3ba26e2809cc391c38f604450c38be28094206a23e280b9e28886c39120c3952025202028c399c2b1c2a15e7773c2a7382021e28184462031766ce289a4cea920c3b5c386c3a1484b20c391530a2220c391203e262020c38320c5920a6320c39a31377d25c3ba5969c2ac2fefac825fe28886c3b320c3b9c2bf67c398c3b1c392c388c380797ccb9b6a09203220c386206660c2ae5cc2b84b61372ecea9304169c3b2e289a020e288866c6d2046c3807d50c2b5efac8220c3a1c2a2c3a571204020c3af2066c38bc3ac3963c3a629c3a929632fc3b720e2809cc3b232626930e2809e304fc3897972245de281843fc2b1e280b9c3b3c3a9264a42c3a0c3b3cf8044c2b0c2ac740939c2afc2b4e28098e28988efac8150c3b1384d4d4ce2889ec2aecb8727462040302057c3b52300c6922028092020e28988207020c2ac2054c384c384c3a767e2809d206cc2a82500c3a0cb9a20c2a8e289a0e280a1e2809a6020204747383b3be2889ac395c3950d20205eefa3bfc39209c384c3a87700c3bac3bae280b96063c381c3a5e280a0e280933864c38a20406272365276c394c2a1cb9bc2ba437cc3a93fcb87c2b631c3b4c2bf4c3a28e28099c5924ec2bac3a1c2aa74313320475732c39ccb9bc3b8c3b461e282ac5639e280a630c38d20594ac2a8206ae2809d4ec2b440c38f30c39bc2bf206327c2bbcb9d2f6cefa3bf57cea96520c2a120202046c3990ae2809ae28093770d7dc38f2026c3ab2020c3b8c39620c3b2c38823c2abc3802020202050e280a167c3a37d5e20c2bbc4b13447e284a2e289a53120c2a9cb87e280a6c3a92c7b432471e28184c3ad783bc3ab4b20c39150206dc2afc3b569c2acc3a152c2b761c2a820207d20c38b2a6cc3a1c2a82820c3b320c39a30e282ac1ac3a2e28988c38644c2a8c2b1cb98c38e23393833c2b1206727c39b706e6a3fc592c593e280b0c2b720c395e2809a6ac3946ee289a4c38520e288ab205ce2809451c38dc3a543c2b1c39cc2bbcb8654475fc3b43b266bc2a2707c50c39c20c3a34d7ce289a020c2b420e289a020c38ee284a246c381c2b13cc3995466c2b0c2b62c2047c39a4320c38a6f272020c3a6c3a3c3935b782055262020465ec2b1546369c3a4c3bfcb9acb872020713de280b0e28891406020e28094e280a6c3b5e289a4c392c38ac39920c3b16ce2889ec3afc3b4292c45c3895856206cc3a6e289a0c3a754762c272020c2a9c392c387206c2dc395c2b7c38de280b0c692c38a7bc2ace2889ae280ba20efac815ecb9befa3bf204520c2afcb9a20232838422a5fc3b820c387c69220c3866eefac817073cb9cc389c39f57c384c2a5c393e280a6c381e288ab7bc2af4ac382c38c202020c39820787acb99c39b7e3fe2888fe2888f7ae2809c37c3b24acb9a20c6924e27c3ab22c2a5292020206c43532020c39120c2bbc3a2c3b94a20c38760206920202020e2809cc3892041202740203c2020e2889ec3ac20c3ad277a7668c38b61e289a5c3873aefac81c3af57e280a2c2b456c391c396c2b62a202cc399c2aec392c3b1c3bf4336c3bfe2809e6dc39620207364e288abc3b421e28099e280a620c3a276c39cc3a0c2b53140c2a5c2b520c5b84020c3abc3ae20c2b1206ac2b0202036efac82455f2076e288ab2a305157c384c3b1205d30c2a3c2a7e288abc39a20c3ae207be280a1e28098482ac393e28094e280bac3b877c39f20c39820cb9cc2b7c39bcb9c27c392c2b7e2889a6e5c5b2ac692e28886782e56e2818420c38b097c58c383cb9be28099c2a1e2809c712033c2b5c385c38bc2b0c3b7e28891c38fe28891c2acc2a9c386427ccb9acb9820e2888f76c2ba202de289a44c4cc3a92fc2b7e2809ac3a7c3b328c2bb2f46677b37204a204be2978ac3877cc3b3c39c76c3b3c2acc3b5c38e20c2aec3a2cb8725e289a02ac3b16f4ac3ba61c2a84520c38b20202020e280a12f202026c3aa20e280a16d5230e2809c2720202fc2bfc38ae282ac585ac2acc3b7c39c0de28891207befa3bfc38fc2aecb9876e2809cc3b82b70e2809ac3913a39cf80c3aae2809ce280bae280a1e2809ae2809a20575737c2b6097b0934c3a9cb86e2888220c384202020202020564020202043cf8020456050e2888f20c391c384c384302020452328301ac2b0c2b0c2b1c2ba3f203e7cc3a6e288914f2020c3a3c391c3bc5f387c7c43c2b72028c39320c389c3982020efac82235c20c3a4c3abc3a220cb9bcb98c398c39520e2889a3fc2a72050c38d6474532b7a203932c387c3bacf803720c2a1203bc3a520e2889ee2889ae28093c3a96523c3afc3bac2b75f00207260e280a6e289a4c384c2bac38539e28882e284a269e2809e2046c2ab2d44c3af3ac39bc2a5cea9c38526c3876d20c3abe280a16ac3a9204f2b647b5922e2978ae282acc3875369c3a97457630920e280a6c3aec3a23036efac81e282ac4820efac81e288861aefa3bf35e280942200e2809860c386c386205d4566c39ac3b9e282ac682ce28891603b73cb9a4ec2b1c3a6633bc3a7e2809d2e78e2809c37c2bbc39a7de2809455c3bbc384c392e2888242c3bac3bbe289a0e2888674c2ab41205753e2809d3b0ac2b13c50c3a4c39b7320586ac593c692427d206ec383c38ac2b73ee2809dc2a1c396e280945c4c554520e2809453207bcb9cc38ae2809ec393c38967387ecb9920e28184cb9a5770c38de2809a20c69225c2b623397937e284a2c2b46b616d6dc395c391c2bfc3b8c39fc2a828c2b1c384c3b6480a6420c4b1e288914c20c3863fefa3bfc3bc2cefa3bfc3b8c387c384e2809d2fc3a5210dc2b029755ac2a2662040c2bac39f20c3b52bc386542fc3b6c38ce2809ac38d20474720c3882063c3866e5e6cc3a620e280b939e2898820c3ba5e377720e2888fc2aa7bc2a14ac2bbc396c3af257c49c39bc2b0c2b7c2b1200ac3a246302b24c3a5c39520c3a92420e2888f4e5920202020c3a3e2889eefa3bf443e2f202051c2aae280a2e280a2c3a84f202020c385c3aac3aa38c387230acb9bc3855120204f60254a7222cb9b67e2888220c385646dc38e28c38c6ccb99c3bccb87c39b6fe2809c5e472d5d2020c2a13a2072c3aec39cc38ce28886c59220c387cb9d5b20c3bfc3a620c2ac20e28886c2ab376ce2889ec3a3c2b54d0061c38076c38fe28184c3a620cb99c3ba20676320c2af5bc38823c383efac8120496e20c2bbc39a2633c2af5a22efac82efac820acb9a7c2c2920c2baefac82e280942041e2809a205bc388c2a9c2a14a5320cb994ac39a52e284a220c2aa6de288916c7ec3b3c38be280b92079715128c3825de2809c51cf801ac38d6cc3a0c3a42241c2b1c3ace2818469c39ce2809c7de280a668c2b4c3aec2b7e280a1c3bb34c38fe280a620c2a1c2b1c3a41a3a67c2b6c39ce280a2c3a3e2888fcb98c38b20c2bacb87e280a6c3a8e2888f747609c3a172c38721c380efa3bf4171c2a233726320614fcb9ce289a0e284a2e284a2c3a2c2a87de28988c2ae6920612c6b414dc2ab34c38de282ac46e2888f20e2809ec3abc3abc3b4c389c2a8c39920c38a6e65282929c3a6c3a7c3a3c399202c0d71200ac3953720c2b4c2af2000206f63efac822039202030205ac3b2c3adcb9949cb98c3b1565620c384c395c3b8275f345e6ae2888f44e2978a3e20e2889ac3b5752f52cf80e288914f20e280b93d7dc5b8c2ba4069c2ac2020e2889a28204e642063e2888fc3ac21c2ac22202020c39520472421c3ad4be28094c38fe280a1e2889e20efac814ee280b063497c2c20c3ab31e2809ac39264c39147c2b6202e2120615ccb9c23232020c2ab4ac59320204220c391c39bc4b1c2a17c4d582c5fc3acc3aac39cc2bfe2889e20c3bf20e280a0c3943245c2b8c593cb87c39bc39452c2a5e280b92467c3882fc3b4e289882026c38720280d20c387c3aac396c3b8c384207637c3a33dc3a5223e202020204664202043c38f64e28886c3b752e280b92073c38de284a2c2a3c2b0203cc39574c2b763c2b0c3a3204a400a2561202061c3b8c3a8284b464323c3915ac38dc2acc3954820c2b61a4a50c3bfc3a620c394c3a42028efac817dc3b339c3b2c2b1526127275020e281841a2ae280b9c38b622055c2a7e2809ecb9ce28988cf80cb9b2020c387c3bbc3a32020203a3c20c2b72051484ee280a6404ec3932036c2b520c2b52de2889ac3aac3afe2889141563dc3a0554ecb99c3bfc2ac396471c2a3c3882969e2809ac3b8cb9bc3a62076e28184cb9928c4b1c39961c3932e47c383c3933c20c5b820c2bfe280933620762051e2889ee289a4cb9cc384c2a9c3962de2809ac387e2889ae280a1c2bf260ae2809309206872c39a4562204b6dc3b12020e280a02bc385c3840020cb8720c3a8206042cb992020606e6ecb9b6f2020c39520e288864c4ccea920695f2035376acea9c3a86fe280a07420c3a268c3a6e288916f207cc2b8e2889ae280a26920c38120cb9952cb9ae28988c69220207acb9c0de280a0c3a120c2ab0d5871cb99232020c3bcc2a126c2b6e289a4c2b769c3a0c3a2c59342745c2041201ac3b820315c20cb9c4746c39f21c3baefac82572c2020c2accb98784858c2ba2020202020c3b650566c5220c2ac62522020c2abcb9c4b484550442cc3ba5cc3880d772ae280a1cb87202020203fc2bbc3b4e2888fcea931c3a3c3aec39c374078c38e202420c3a0efac8220efac810061c39fcb9b20695060c38fe2809354e2978ac3ae2064c2b5e28099e2978ac2a73468c2a1e2809448206e26c3ae202b3dc2a7cf80c3b4e2809e60c3842d0a206dc2b1c3b32e3ce288865620c3bbe28886c3b6c39920c38d50c382e280982000c38fc3bf21cb86c3bfe280a64b4dc3b72400c692c392cb987ac3ba3ec2b1e28098c2b7246ae284a209c3ac2676c3b52a40497127c3997434202020c3a9c391447ee28094e2809328c2a7e280a2c381e2809a60c2b020350de280bac3bfc3b9c3b4c3a8cb87c392c3a820e280b9efa3bf3ec2aec3817d49c392c2a974e28093c3a5cf80c3a54ae288abc39ce28886c2bbc3922041293533213d202d43c39b3877c38e20c3863dc2b820c3b36e3dc2abc2acc39a29c2a577744a3b70626222c2a73c2f45452dc38a6de2809cc3b8c386e28882e28882547a522020cb98e280b920c38ac3a566565636524e2020204dc3b8c389e289a564c2bbc692c6927b78cb9949254cc3b620202fc2b65d203c3f36e280bac3a17a2d683ac3b2c3950a20c3a9c3adc3995d4c6d20c2a93ec3aae28891206920255670c39b20202423392d4f3a4632363120c392297b20c3806647e28988c2a74b4dc3a84fc38341746cc39c745f5cc39a2024c393efac812755545ce288ab2420c38721222024c2a120c2b7c2b1c2a9c3a049c38ac39bc3ace289a42556c3a0e280bac3b9c3a74020204ac3ad38e2889164c3acc3bacf802076c3b2cb9b3720c391344820782020c39223c3aec2a557c3922d20e280b0c399c395e2888f34e2809e46e2809cc396e289a0c3bbc39c202073364fc384c2acc3b9c383206d6dc3913d20c3b7282072c692c3ab6020c38fc2b04f2067547420c3813dc2aec38fc387e280b9cb866dc3bf455fc2b0c2a2c2a840cb9955e2809ac39c2720efa3bfc2b57ae2809acb99005a6fc385e280a0c2a1c2a92420c692e2809e2064c3915d34c3a8203452e2809a3fc2bb2928e284a2325bc3b5c2acc5b8e28099c3b51ac3bcc396e28184e288ab76c38f2d28457c5c32c3a945e2888623c3b7e280a620c3a4c3ae2025653546e280a277c2a743c2b1c3a464c2ab70c38dc39a20c2bacb9bc38d4f7ccb98c39bc3bcc2afc3aac3806720cb9bc391c2aa4f3fe2889ac2b53b2f71cb99e280b9354cc395c38362627220c3a209c2b1c3ae202569cb9ce2889ec3bf436720cb86200a2070cb99e28988c2b75d206ce2888fc3b278202057c3880ac2a5204dc3a6e28093cb9d372020cb99e28886e280a009e289a547c3892040c38920201a234dc2a95f00c3a75e70c3835bcea92020c3bc2ce280ba20e280a0c3a060c2a342c5b878c2a120c38a26e28886e2889e67c2a8203e2131752062efac81c3872039c2a300c3926c784c42203d4e3620785f62205e24efa3bfc3a6c391e280bacb9ae280a2c3a3c3ba67c38f29414a463ec2a220c3aaefa3bfc2ae20c387c3876cc2acc381477020c3b4c3aac385e280b0c2a82032632ee2809ae2809ccb86203e7d20c2ace2809a52e280a1c38220c3914d3b4c69204d5c2920c3a920c2a15f66c392e289a034c3aa0dcb9b20c385c3bfcea92c7628c3a25dc3833bc4b1c383c3bf302d586bc2b4e289a5346044c39f6d423d77e2978ae2978ac3b14ec387e280a671c2b542c2a9c3bc206421c592c2bbcb9cc2b5422cc2a3c2a2e289a0c3a92a766eefac824220c2bb51c3a8202420e28093e2809dc2b0c388e2809cc2a3c388e2809ce2809dc39c214bc3bce28891202074c2bb20e2809ac2ac502a346fc2ac2b44c39ccb99c2a3242f20cb9acb86c38122c3b82020c2aae2809de2809cc2b7c2bbc3a22020c38ee2889e7374c3acc59220c2ae20c3a746212956c593c3831a66c2b6c38ae2809cc386e2978ac3b9e2809ccf80cb872068c388c3b4c692c2b46fcb9bc6922b20e280a1e28988c39fc3b8c2b7c388473fe2809ee28094c2b4c39471cb9cc5b8c381e2888fcb9be280a135c5925dc3a6c3a3cb98e280a22020c3bcc3b6437a662020206960efac827a20e280a6201a20497bcb98c391e288867b30c3a9cf804bc38227c388c3a6c3b27ae280943c2f6f20c3a2efac812069e280984238c3a7c2a161716c38202020c593c3a220c3acc3b4c39a46c39b23cb982020c3a822c2b547c3aae281842075c3a3c381c3a446e289882453c381c2a3c3adc2a7c391616e6a444020e2889ec2a16c36c2a1c3aac3b2e2888220e280a6c3b420c2bbc2bb2d4620e2978ac2a3e280a6202020e280a6e2809a7ec3b160c38764325e2020246b5f29c3bc57c38738c3a63626314b6220c392204220e2809ac6926bc2bbe280a0c3a2207c4de288863ec2a7c38c39c3a0c692c383cb9d20c38731cb9dc385c3ab33e288822020e282ac0defac82c3b2e28988c38c20e288822c26c3a1e28891e289a4e2889e43cb99c3a7c2b70d20e280b020c387c3b93ac2b6e28098714d5852c5932074cf80c2a7c2b6e282ac20202e6ce284a2c2af203f59c386e2888238c38bc38ec391e2809a4027e280b0cb9ac5b820c39c40305157c3ad7ecf80205e40c3ad2052cea921c38563c2a82f3636c3a720c3b3205d46c38a0d20e2809838c3a7c3b63852c3b6c3a1c2b1e280946ec3832dc3a02052c2b5c387c3a320c592c2b7e2809ae289880dc3ba3acea9c3a9c3ab71c3b6c3b80a2064e2809ac2a56f32c391c386c3a235c39f2fc3bac2a5c386e2889ac2a95621c3a034e280a24be28098c3b4c3b6c5b8c2a2c3a67d0a20c3947ec38720c3987ec692c3b9c3815fe2809ec39ae280ba20e2889e7ec2b72026c38a4fc2a3cea9672047202631e28988e2809ac2a53c0dc3b64320c392c2aac384c3a0c38574c392e2809acb9c7a77203f4e7b307c39e280997ee2809877efac82c384704920442420e28098c394c593204d20c2a52cc2b650343e4ac3b2e289a5c3b2204e24c3883b29c3ace28891c396efac8153e2889139c2a971e280a6c3ba4a564c42c2b6c39920c392c3b268763cc39f55c69245332023c3a22022c2a320c3abc3b15dc3a0c692c399cb9dc3aee28882cb9d6cc39a61c38876c2acc393cea9c3a04de280a641522020c3890049c59329c3ad40c3aac3bac3bbc3a14ce289a4c2ac7e4a645a6e20c3bcc3acc3a3c39134c387c391c3954fc381c38c243ec3bbc3ade28988c4b1cea925c3bfc3b95bc3a0e280b06cc3a6766f20366d3774c2ac36207b2020402020206ce2809de28891c2a1763d462a3d2bc387c38440e280937b202071c3af355dc38741e282acc391204b20c38ac2a76f473d4d2620c38d3fc385e280a1c383c39ccb99c3b42020e280b9e2809c2009cb86e2809a62c3b2e28882c3bfc3816bc3a730203dc2ae2b20c2b139c2aac3bf201a413e57c3bcc39831322000200920512022c389c3acc3a4cb98202000c2ac2826c69246607a6a20c3acc3ac23c3b2c3bcc3bcc2a1c38dc39265c2a8e289a0c38648c380c3afc3af25205f5de28886c38dc3a2554cc593c395c2b7586d2dcb86c38120c3aecb8609c3a0c3bc6175c3b420200d20254ae2978a26c395c2b431c388c3bf3bcb9ae2809424e280a24a341a4e73c382e280a6e2888f656dc3812ecb9d7b210d4d7d7e2720c38820c3a7c3bfc2b1c392cb8620c383cb986ec3bbe2809cc2a57b78c3abc39a20e280ba2020cb9bc3a5655ec2a7205f1a3e2f21202cc3abc4b1cb9dc2b8c38949e28988c3a23471e280986f4ee280a000424878204d5b3c4d20c3a75c62260d5f3a626900c396c388c3a320e2809d4920c69252e289a5efac82c3846637c3adc692e2809852c2abc2a3e2809a77e2889ac385e2809453c2b860c382c38cc38ce2889a20c39461c39b204840c3bfc3b953c3a0c38fcb9dc3a1e280a2e28886c3a426c2abc39fc393456acb8641c38fc38ae2809e497c5ce2889ec39600e28886efac812032c38f2060c3bf53243143226540c2ba26c396e2809cc3aac2b1e2889120c3887bc3a4c3abc3b9202059cb98c3a1c3abc3b67b20c3b5e288822038c3a62020c38e0d20202020c2ac207d2020c3b1c3a920e288826b20203ae2809a202733c386c3b560c3a1c3b13127c3a174c386c2a220535535e2888fe2889ec385efac8126cb9970e280b044c3b532c39c59c3adc3b73dc3a775c3abe280a1284cc2a320323d2cc2b0c39846c3b667e2809820e2809d2e2e2225c3b66f62c2a82053c3a6c592c3b24b2323e280ba3760602020c38d49c38ae28093e2978ae282ac20c4b1c4b1e280992020cb8749657a20c3a34b20387e7c092bc380c3a35858c3bac2abc399c38f2c26c39fc2b6313c3ac3a4c38ac3b736c388c2a2c2b7202020c3a574c387c5922d20c38e4436e28891c2b620e288916220201ac3ab2dc399e280a0e280a6e2809c2020203732c3b3cb9bc395c3aae289a0cea9c3a3c3aec382efac82503ce280ba3d27efac82e282ac47683dc3952020c38cc38e27c2a5c3bb2c40c2a3274a78002f6fe288ab20c392206fcb9a2052cb9a39e2898851c3aec38420365a34c2b80d20c3917b4fe280a0c3b4c38060c3accb9c52c5937320c3bc44cb9c204f202000c692c2a70ac38dc3a9e280a1c38e207b24c3aa0dc3ad33c39bc3aac3aac3b64be2809e2026c2b1c387c389c389204d5fc3bae28098c38b34c38720c3a2c395200d20c395c3aec38323c38520275e476620c394c3b34420200d4fc39539c384203639e28891e280a04c7ac3b900c389785e6a2041c3acc395cb9c222064c3822042c592c38523c2bbe280b920c38b3fc38540392000e28882c388c3a2e289a422232020e288ab2c6d206ce2809d20006069c3b5622b41e2889e5dc380200a4ac38de28093efac81e280a220202025202020c59234544e6cc2a22020c3b831c2a3c3bcc2afc5936fc39220c38ac2bbcb9c71e28886c2b00057c3b63d3de280a6201a72e281840d292146c39ce280985ec387c2bfc3ae2020c384c2afc2b4c3834d0dc2aec3922030e2809ae288ab2065c2ace28094e280a6c3ab595f5c2054c39cc2b6c3b166c399c399cb86c2a2c2aae2889120c3b9e280bacea9686a6ec381cb9dc2abc3aae289a43b202034c396e2809acb9c20206e3c201a4b6b335369c3b3e289a0c39943c3a9c3a7c3af74c2b72f7b4ec3b4c389c2a320c3b9cf803079c386c3ade280a6732700c6923f20201a2fc385c384c395204eefac82c3803b50e288ab2de280b9c3b858c3a43d7ae2809aefac82204446c3a4c3b935202023c2b0c3a07e2020c2b0347bc3854120c3a56ec3a2c3ad20c69272cb9920e2809947e289a5cf80c392e2809a36c3883fc3bbc3a720c383c3aa402020c2a723c3b660c3abc2b6c3b3e288862e21c396c2b12f2a41c3adc3a0e280bac2a7c38ccea92039e280a65979e2889ee28891e289a5c3a1c2b5cf8029c2b8cb9d2020c2a75c52783175c3b9e280984f20c3aa455648c3af1a4c56c2b7efac822040c3a04fe280bac39b462ac3bf6831cb98c2a2cb86efa3bfcea92020c6927a203f4b0a20cb87c38e3969642051596fc384e280a1c391e289a0cb99762000e288824b20e2889ec3b16441e284a2e288916ce2889e5de282ac5c3ac2bf75c3b5c3b1296f20434ee2809d20c38d74c38ae288abc387c387c396e2889a6620e28094c3bfcb98e280942038c388c3ac2038cb98206c74c2a5c2b520e289a45d6cc3abc394c382c391283b53c38dc3b82ac399c3b232202909e288866fc3856066c2a2c2ab204b7d58c3a4c39b20c38339e280a62c2b20c3a3254bc3ba3329c39ac2bac3a6c3853835c592c3a9c3b6c38f2057774fc3bf39c3a0e2809ec392e289a020c38e20c2a7c2bb676c6cc2bfe2978a70cb992d4cc5b87c2000c3b135c380c39c1a2fc38440cea92020c39638393ac2bfc3a2c38843c3aec3aa2037463e4fc2b177c3a84650647e5fc3b82036355c6ae289a400c384c3bce280b0cb9be2889ae280a24620c3a1444a2020c2a7404458c3ab0ac2b8c2b8432020202ee289a0474427492020c3b5c3aac59268c2ab25293e4e4c3f4b00436220c38740343cc3a5e280a0c3a2c2b773c69264e28886c3ac29c6926b23e280a620095c207138c3a7e28184c38cc38ce2809e27c2b1c387c2aac2aa20c2a123402258c2b0c3a0c39a70c3aa535c2a4de289a4307de28094c3a220c3a0e2809aefac82c3ae2020c38241c3b67a32c38778c3946ce289a442c2a161c3b4c2a54c2050e2809a766720202052c3a2c2ab2028c692c39b376d33742620c2bb20e288ab20c387c3a935e28882c3885861c3b52e414036c3bfcb86202024302020c3b2e2889ec3a521c386c69266c692c2af68e280a0c2a720477d3a776d4d38e2889e20c3a220c3b7efa3bf66e2809ec399e280b0c382c2b7c2bfcb9ac6923fcb874ae289a432c3acc3863c20656b0a6371e280992f7a20c2a12020c2b6cb99c3bacb9b3700202cefa3bf20206cc3bf7c5b20c2bbc5922020c3b76fe2978ae289a0cf806e616e4ce28886205320c388e289a5c2aecb87c3ae207176c2b535efac82efac82efac81c3b1e288ab6e63c2a1e2978ac39a35c38a26e2809cc396386ce289a02d60c59372c2a5232044c5b85ac2a1e28094c3b720c5922062e28891c398c2a3c69220c592c5924ec3ad207bc3a2cea97dc3ba7cc2b1c3a8cb87c3984920e2809d74c3abcb9defac82c69240c2b12ec3b1e2809a7e20c3aec3b8c2bf22c39320c38ec2a121206c64202038cb98c3a2c3aec385e280ba6c4a20c3b5204de289a52020232423c3af2020c3b45fc384e2809ac3a727484ce2809ec39bc3bf20c2b0e28094200020c39920097ce289a0e280a0cb866820492073c3a6e280a26035205a786420522820c2ac00c2b652efac82c396e28094206048efac82572231c385c3bf3720c38b5f48c387efa3bf20c2a2cf80c2ac20c3a0cb9c2020c3aa57c39a2020e280a6642021206fc3bfe280a050c3adc3b220cb9bcea94d5bc4b120c3bf785b6ce28099e28882c3ad4a20c387286dc3803700782b20c3870de288826ac3b670e280ba20726ae288abc3bfe2888245203befac82e280ba20734d6dc38b2a2842c3bcc382466d365056c2ac3bcb87c2af273476c393c387c396e284a22ac3bac2b5c2a5e280a1c6922866c2b6c2a94a20c2bbc2ae496f20c38460696620c385c2a1c38720e2889e3237e280b02433c2a259c3b42000c2a2c3a22c365fc3ae00c39100c3a1c2b5c396316f202036c38a6cc2ba20c38f58e288826cc3a63d4b4cc3a6e289a0683e4bc384c2bfc3a900c3aac3bfc384652fc2b1c2ac5b40c3bf5a53226c092020c387c2bf20c386c3866420c388c39f5e2020c2accb87c38cefac81c3b8002920c3a426c3a3c38a20c3b42025c2a7212c3c2020c3ae20c2a1202031c38758c39ce289a5612020c2a2c2b7c3b4e280b9efa3bf29c3ba4ae28094c38fc3bfe2888fe280bac2ba2fc3a2efac8121c3abcb9bc38431c3a9c395c3a420e288912020c3b220e2809a29202220c2b6c3adc2b64520e280a2c39141c3b120342ec3b620c3b3c3ae217d462046494f4f7746c6926cc3b6c2ba224922c391e282acefac82c39566c3a446272020c3ab20594ce289a4c3aa20c2b620204c343b5e2cc5b8e280b0443ec3bbc4b1cb872fe2809ae280b9791a20c38720c3836f2009c3a94ce280a0c2b020c2a220627128c3a2c39120cf80e28988c3ad236362202041c3932074200acb9bcb98c3a4cb98cb866251c2a8c5922fc3b9c3a3c3b4c3b9c3b93d3f3e206ccb9cc4b1c38e2ae2809c68c3bb46c382c3a0cb9a4020e28886c389c2a145e2889ec2a13853c38cc59320c2b823622c5f2020e280a10d625ce288ab1a74cb9b20393de289a55e2068cea9e2889ac692e2809ce280b0c3bfe2809c616a7dc3abc387c593e289a42020c39878c392cf8020c3b86e20c3a7c2afc3a3c2abc3a220e2809acf805d2bc389203d4c22efa3bfcb872ac2bf204a203e28c2b62030c3afc3881a3b20744ac2b76ac2b127c3892020e280a021c3a04a41e280a02c38efa3bfc3ab2033c3867155e2888fc392e2888fc3b54fe280a220e28891c39a2020412dc2b762c2b7c3abc381cf80c3a5204fc2b80ae280a63cc38ecb9b32c3a120e280a22020c3bfcb9c452021206f0dc2b10d59e284a220c2b5c3a5c4b1c3ac2d7520e289a5e2888fc3ab614320c2bb78c2a7c3a65cc386c2a7202a203ce280b02000e282accb86e280bac39562e280a2c39b45cf80727348c3b1e2809ec2afe2978ac38d205020e280b0c3b66cc3825c5537c3b14dc3866c3e20c39a20c3a84ec391562a00e2889ec593c2bb3b20c384c2a220716a79c3845ae280b0695e6520c2b54fc3b3c2b1e28099e280b92f2a292c24c2b5c2aa6fc3b87623e2809cc3afe288ab20cea9cb9c20c38ee2889120cb9a2046cb8773c3b8c381c3b663290000000049454e44c3864260c387);
INSERT INTO `users` (`UserID`, `FirstName`, `LastName`, `Address`, `Phone`, `UserType`, `Username`, `Password`, `Email`, `ProfPic`) VALUES
(8, 'Amar', 'Kaji', 'ptn', '9800000', 1, NULL, NULL, NULL, NULL),
(9, 'Test', NULL, NULL, NULL, 1, NULL, NULL, NULL, NULL),
(19, 'sujan', 'dhakal', 'tinthana', 'tinthana', 1, 'szan', 'admin', 'suzandhakal2056@gmail.com', NULL),
(20, 'Ram', 'dhakal', 'tinthana', 'tinthana', 1, 'ram', 'dhakal', 'ram@gmail.com', NULL);

-- --------------------------------------------------------

--
-- Table structure for table `weekend`
--

DROP TABLE IF EXISTS `weekend`;
CREATE TABLE `weekend` (
  `WeekEndDay` varchar(20) DEFAULT NULL
) ENGINE=InnoDB DEFAULT CHARSET=utf8mb4;

--
-- Dumping data for table `weekend`
--

INSERT INTO `weekend` (`WeekEndDay`) VALUES
('Saturday');

-- --------------------------------------------------------

--
-- Table structure for table `year`
--

DROP TABLE IF EXISTS `year`;
CREATE TABLE `year` (
  `Year` int(11) NOT NULL
) ENGINE=InnoDB DEFAULT CHARSET=utf8mb4;

--
-- Dumping data for table `year`
--

INSERT INTO `year` (`Year`) VALUES
(2020),
(2021),
(2022);

--
-- Indexes for dumped tables
--

--
-- Indexes for table `attendance`
--
ALTER TABLE `attendance`
  ADD PRIMARY KEY (`AttendanceID`),
  ADD KEY `FK_Attendance_BatchStudent` (`BatchStudentID`);

--
-- Indexes for table `attendancetaken`
--
ALTER TABLE `attendancetaken`
  ADD PRIMARY KEY (`AttendanceTakenID`),
  ADD KEY `FK_AttendanceTaken_Batch` (`BatchID`);

--
-- Indexes for table `batch`
--
ALTER TABLE `batch`
  ADD PRIMARY KEY (`BatchID`),
  ADD UNIQUE KEY `IX_Batch` (`Class`,`Section`,`Year`),
  ADD KEY `FK_Mapping_Year` (`Year`),
  ADD KEY `FK_Batch_Section` (`Section`);

--
-- Indexes for table `batchstudent`
--
ALTER TABLE `batchstudent`
  ADD PRIMARY KEY (`BatchStudentID`),
  ADD KEY `FK_BatchStudent_User` (`UserID`),
  ADD KEY `FK_BatchStudent_Batch` (`BatchID`);

--
-- Indexes for table `class`
--
ALTER TABLE `class`
  ADD PRIMARY KEY (`Class`);

--
-- Indexes for table `holiday`
--
ALTER TABLE `holiday`
  ADD PRIMARY KEY (`HolidayID`);

--
-- Indexes for table `section`
--
ALTER TABLE `section`
  ADD PRIMARY KEY (`Section`);

--
-- Indexes for table `users`
--
ALTER TABLE `users`
  ADD PRIMARY KEY (`UserID`),
  ADD KEY `PhoneIndex` (`Phone`);

--
-- Indexes for table `year`
--
ALTER TABLE `year`
  ADD PRIMARY KEY (`Year`);

--
-- AUTO_INCREMENT for dumped tables
--

--
-- AUTO_INCREMENT for table `attendance`
--
ALTER TABLE `attendance`
  MODIFY `AttendanceID` int(11) NOT NULL AUTO_INCREMENT, AUTO_INCREMENT=18;

--
-- AUTO_INCREMENT for table `attendancetaken`
--
ALTER TABLE `attendancetaken`
  MODIFY `AttendanceTakenID` int(11) NOT NULL AUTO_INCREMENT, AUTO_INCREMENT=1015;

--
-- AUTO_INCREMENT for table `batch`
--
ALTER TABLE `batch`
  MODIFY `BatchID` int(11) NOT NULL AUTO_INCREMENT, AUTO_INCREMENT=16;

--
-- AUTO_INCREMENT for table `batchstudent`
--
ALTER TABLE `batchstudent`
  MODIFY `BatchStudentID` int(11) NOT NULL AUTO_INCREMENT, AUTO_INCREMENT=8;

--
-- AUTO_INCREMENT for table `holiday`
--
ALTER TABLE `holiday`
  MODIFY `HolidayID` int(11) NOT NULL AUTO_INCREMENT, AUTO_INCREMENT=4;

--
-- AUTO_INCREMENT for table `users`
--
ALTER TABLE `users`
  MODIFY `UserID` int(11) NOT NULL AUTO_INCREMENT, AUTO_INCREMENT=21;

--
-- Constraints for dumped tables
--

--
-- Constraints for table `attendance`
--
ALTER TABLE `attendance`
  ADD CONSTRAINT `FK_Attendance_BatchStudent` FOREIGN KEY (`BatchStudentID`) REFERENCES `batchstudent` (`BatchStudentID`);

--
-- Constraints for table `attendancetaken`
--
ALTER TABLE `attendancetaken`
  ADD CONSTRAINT `FK_AttendanceTaken_Batch` FOREIGN KEY (`BatchID`) REFERENCES `batch` (`BatchID`);

--
-- Constraints for table `batch`
--
ALTER TABLE `batch`
  ADD CONSTRAINT `FK_Batch_Class` FOREIGN KEY (`Class`) REFERENCES `class` (`Class`),
  ADD CONSTRAINT `FK_Batch_Section` FOREIGN KEY (`Section`) REFERENCES `section` (`Section`),
  ADD CONSTRAINT `FK_Mapping_Year` FOREIGN KEY (`Year`) REFERENCES `year` (`Year`);

--
-- Constraints for table `batchstudent`
--
ALTER TABLE `batchstudent`
  ADD CONSTRAINT `FK_BatchStudent_Batch` FOREIGN KEY (`BatchID`) REFERENCES `batch` (`BatchID`),
  ADD CONSTRAINT `FK_BatchStudent_User` FOREIGN KEY (`UserID`) REFERENCES `users` (`UserID`);
COMMIT;

/*!40101 SET CHARACTER_SET_CLIENT=@OLD_CHARACTER_SET_CLIENT */;
/*!40101 SET CHARACTER_SET_RESULTS=@OLD_CHARACTER_SET_RESULTS */;
/*!40101 SET COLLATION_CONNECTION=@OLD_COLLATION_CONNECTION */;
